unit,label,scenario,family,dose_pct,n_sims,L_tilde_mean,L_tilde_std,L_lcc_tilde_mean,n_nodes_mean,description,delta_L_tilde,delta_L_tilde_pct
NV,NV,baseline,baseline,0.0,100,0.0006688635799029013,0.001943566257979532,0.0034336381627246264,59.0,"OAT reference: 2023 net, pooled outages, no intervention",0.0,0.0
NV,NV,CF-D_nevi_p0,CF-D,0.0,100,0.0006688635799029013,0.001943566257979532,0.0034336381627246264,59.0,CF-D dose 0 (no nodes added; CRN lock vs baseline),0.0,0.0
NV,NV,CF-D_nevi_p10,CF-D,10.0,100,0.0005857505840130489,0.0014994988313074026,0.002828992767915838,65.0,"NEVI corridor coverage: +10% hypernodes every 50 mi on interstate, excluding sites <10 km from existing (main CF-D)",-8.311299588985245e-05,-12.426001113996659
NV,NV,CF-D_nevi_p20,CF-D,20.0,100,0.000493363243057848,0.0011691009442844043,0.0023710562278207565,71.0,"NEVI corridor coverage: +20% hypernodes every 50 mi on interstate, excluding sites <10 km from existing (main CF-D)",-0.00017550033684505335,-26.238584685763673
NV,NV,CF-D_nevi_p30,CF-D,30.0,100,0.0004134860588864004,0.0009972430713118812,0.0020159376698337746,77.0,"NEVI corridor coverage: +30% hypernodes every 50 mi on interstate, excluding sites <10 km from existing (main CF-D)",-0.00025537752101650093,-38.18080826789433
NV,NV,CF-D_nevi_p50,CF-D,50.0,100,0.0003339423185479857,0.0006877799390564786,0.0015089628133372643,89.0,"NEVI corridor coverage: +50% hypernodes every 50 mi on interstate, excluding sites <10 km from existing (main CF-D)",-0.00033492126135491564,-50.07317955681427
NV,NV,CF-S_m0,CF-S,0.0,100,0.0006688635799029013,0.001943566257979532,0.0034336381627246264,59.0,OAT severity: N_affected −0% (R_c × √(1−0/100) = ×1.0000),0.0,0.0
NV,NV,CF-S_m10,CF-S,10.0,100,0.0006374924561473265,0.0019449647307897425,0.0031901736410354566,59.0,OAT severity: N_affected −10% (R_c × √(1−10/100) = ×0.9487),-3.137112375557478e-05,-4.690212578195529
NV,NV,CF-S_m20,CF-S,20.0,100,0.0005961598454002586,0.001935417083751828,0.0026824172491940316,59.0,OAT severity: N_affected −20% (R_c × √(1−20/100) = ×0.8944),-7.270373450264276e-05,-10.869740360687173
NV,NV,CF-S_m30,CF-S,30.0,100,0.0005644965112614392,0.0019310866838444872,0.002378625235404892,59.0,OAT severity: N_affected −30% (R_c × √(1−30/100) = ×0.8367),-0.00010436706864146216,-15.603640529599934
NV,NV,CF-S_m50,CF-S,50.0,100,0.0005067245780027835,0.0019253511622246758,0.001886668901018222,59.0,OAT severity: N_affected −50% (R_c × √(1−50/100) = ×0.7071),-0.0001621390019001178,-24.240967332031364
NV,NV,U_x1p5,U,,100,0.0007151276529990228,0.0019423208536895181,0.0036821299754221264,59.0,Urban counties: R_c × 1.5 (not on CF-D/CF-S dose grid),4.626407309612146e-05,6.916817492565165
NV,NV,U_x2,U,,100,0.0008009376399917892,0.0019711617510289464,0.00409795876025407,59.0,Urban counties: R_c × 2.0 (not on CF-D/CF-S dose grid),0.0001320740600888879,19.74603851327367
NV,NV,K_5km,K,,100,0.0003929742733174027,0.0011141759717556686,0.0019987147707469528,86.0,5 km clustering network (not on CF-D/CF-S dose grid),-0.0002758893065854986,-41.24747031757199
