unit,family,dose_pct,L_tilde_mean,delta_L_tilde,delta_L_tilde_pct,quadrant,quadrant_label
AL,CF-D,0.0,0.0014576756674626,0.0,0.0,unknown,unknown
AR,CF-D,0.0,0.0001356972533864,0.0,0.0,unknown,unknown
AZ,CF-D,0.0,0.0006275112485614,0.0,0.0,unknown,unknown
CA,CF-D,0.0,0.0001206582378951,0.0,0.0,unknown,unknown
CO,CF-D,0.0,7.592281974412993e-05,0.0,0.0,unknown,unknown
Connecticut,CF-D,0.0,0.003576622996659,0.0,0.0,unknown,unknown
Dakotas,CF-D,0.0,0.0007772380432148,0.0,0.0,unknown,unknown
FL,CF-D,0.0,6.768114410352992e-05,0.0,0.0,unknown,unknown
GA,CF-D,0.0,3.861501432860342e-05,0.0,0.0,unknown,unknown
IA,CF-D,0.0,8.985434405927029e-05,0.0,0.0,unknown,unknown
ID,CF-D,0.0,0.0008881206085517,0.0,0.0,unknown,unknown
IL,CF-D,0.0,5.421685566142808e-05,0.0,0.0,unknown,unknown
IN,CF-D,0.0,9.120020101561495e-05,0.0,0.0,unknown,unknown
KS,CF-D,0.0,8.161701567092814e-05,0.0,0.0,unknown,unknown
KY,CF-D,0.0,0.000208986624224,0.0,0.0,unknown,unknown
LA,CF-D,0.0,0.0035518083964205,0.0,0.0,unknown,unknown
MA,CF-D,0.0,0.0009085147765609,0.0,0.0,unknown,unknown
ME,CF-D,0.0,0.0036218665750963,0.0,0.0,unknown,unknown
MI,CF-D,0.0,0.0001750980078734,0.0,0.0,unknown,unknown
MN,CF-D,0.0,6.60074258003e-05,0.0,0.0,unknown,unknown
MO,CF-D,0.0,8.802950747801182e-05,0.0,0.0,unknown,unknown
MS,CF-D,0.0,0.0009747504383203,0.0,0.0,unknown,unknown
MT,CF-D,0.0,0.0006428304295995,0.0,0.0,unknown,unknown
Maryland,CF-D,0.0,0.0004543957650061,0.0,0.0,unknown,unknown
NC,CF-D,0.0,0.0004394219397694,0.0,0.0,unknown,unknown
NE,CF-D,0.0,0.0001921196219084,0.0,0.0,unknown,unknown
NH,CF-D,0.0,0.004094552387325,0.0,0.0,unknown,unknown
NJ,CF-D,0.0,0.0012443392192828,0.0,0.0,unknown,unknown
NM,CF-D,0.0,0.0008439526609082,0.0,0.0,unknown,unknown
NV,CF-D,0.0,0.0006688635799029,0.0,0.0,unknown,unknown
NY,CF-D,0.0,0.0001169240507153,0.0,0.0,unknown,unknown
OH,CF-D,0.0,9.215765366544843e-05,0.0,0.0,unknown,unknown
OK,CF-D,0.0,0.0001703684037806,0.0,0.0,unknown,unknown
OR,CF-D,0.0,0.0002084334434233,0.0,0.0,unknown,unknown
PA,CF-D,0.0,7.81904080575677e-05,0.0,0.0,unknown,unknown
SC,CF-D,0.0,0.0002580664806059,0.0,0.0,unknown,unknown
TN,CF-D,0.0,0.0001571969025419,0.0,0.0,unknown,unknown
TX,CF-D,0.0,7.228860827882044e-05,0.0,0.0,unknown,unknown
UT,CF-D,0.0,0.0002624677719582,0.0,0.0,unknown,unknown
VA,CF-D,0.0,0.0002764613493345,0.0,0.0,unknown,unknown
VT,CF-D,0.0,0.00351615252328,0.0,0.0,unknown,unknown
WA,CF-D,0.0,0.0001063617617601,0.0,0.0,unknown,unknown
WI,CF-D,0.0,0.0001606002071612,0.0,0.0,unknown,unknown
WV,CF-D,0.0,0.000864072001522,0.0,0.0,unknown,unknown
WY,CF-D,0.0,0.0004268139105919,0.0,0.0,unknown,unknown
AL,CF-D-pop,0.0,0.0014576756674626,0.0,0.0,unknown,unknown
AR,CF-D-pop,0.0,0.0001356972533864,0.0,0.0,unknown,unknown
AZ,CF-D-pop,0.0,0.0006275112485614,0.0,0.0,unknown,unknown
CA,CF-D-pop,0.0,0.0001206582378951,0.0,0.0,unknown,unknown
CO,CF-D-pop,0.0,7.592281974412993e-05,0.0,0.0,unknown,unknown
Connecticut,CF-D-pop,0.0,0.003576622996659,0.0,0.0,unknown,unknown
Dakotas,CF-D-pop,0.0,0.0007772380432148,0.0,0.0,unknown,unknown
FL,CF-D-pop,0.0,6.768114410352992e-05,0.0,0.0,unknown,unknown
GA,CF-D-pop,0.0,3.861501432860342e-05,0.0,0.0,unknown,unknown
IA,CF-D-pop,0.0,8.985434405927029e-05,0.0,0.0,unknown,unknown
ID,CF-D-pop,0.0,0.0008881206085517,0.0,0.0,unknown,unknown
IL,CF-D-pop,0.0,5.421685566142808e-05,0.0,0.0,unknown,unknown
IN,CF-D-pop,0.0,9.120020101561495e-05,0.0,0.0,unknown,unknown
KS,CF-D-pop,0.0,8.161701567092814e-05,0.0,0.0,unknown,unknown
KY,CF-D-pop,0.0,0.000208986624224,0.0,0.0,unknown,unknown
LA,CF-D-pop,0.0,0.0035518083964205,0.0,0.0,unknown,unknown
MA,CF-D-pop,0.0,0.0009085147765609,0.0,0.0,unknown,unknown
ME,CF-D-pop,0.0,0.0036218665750963,0.0,0.0,unknown,unknown
MI,CF-D-pop,0.0,0.0001750980078734,0.0,0.0,unknown,unknown
MN,CF-D-pop,0.0,6.60074258003e-05,0.0,0.0,unknown,unknown
MO,CF-D-pop,0.0,8.802950747801182e-05,0.0,0.0,unknown,unknown
MS,CF-D-pop,0.0,0.0009747504383203,0.0,0.0,unknown,unknown
MT,CF-D-pop,0.0,0.0006428304295995,0.0,0.0,unknown,unknown
Maryland,CF-D-pop,0.0,0.0004543957650061,0.0,0.0,unknown,unknown
NC,CF-D-pop,0.0,0.0004394219397694,0.0,0.0,unknown,unknown
NE,CF-D-pop,0.0,0.0001921196219084,0.0,0.0,unknown,unknown
NH,CF-D-pop,0.0,0.004094552387325,0.0,0.0,unknown,unknown
NJ,CF-D-pop,0.0,0.0012443392192828,0.0,0.0,unknown,unknown
NM,CF-D-pop,0.0,0.0008439526609082,0.0,0.0,unknown,unknown
NV,CF-D-pop,0.0,0.0006688635799029,0.0,0.0,unknown,unknown
NY,CF-D-pop,0.0,0.0001169240507153,0.0,0.0,unknown,unknown
OH,CF-D-pop,0.0,9.215765366544843e-05,0.0,0.0,unknown,unknown
OK,CF-D-pop,0.0,0.0001703684037806,0.0,0.0,unknown,unknown
OR,CF-D-pop,0.0,0.0002084334434233,0.0,0.0,unknown,unknown
PA,CF-D-pop,0.0,7.81904080575677e-05,0.0,0.0,unknown,unknown
SC,CF-D-pop,0.0,0.0002580664806059,0.0,0.0,unknown,unknown
TN,CF-D-pop,0.0,0.0001571969025419,0.0,0.0,unknown,unknown
TX,CF-D-pop,0.0,7.228860827882044e-05,0.0,0.0,unknown,unknown
UT,CF-D-pop,0.0,0.0002624677719582,0.0,0.0,unknown,unknown
VA,CF-D-pop,0.0,0.0002764613493345,0.0,0.0,unknown,unknown
VT,CF-D-pop,0.0,0.00351615252328,0.0,0.0,unknown,unknown
WA,CF-D-pop,0.0,0.0001063617617601,0.0,0.0,unknown,unknown
WI,CF-D-pop,0.0,0.0001606002071612,0.0,0.0,unknown,unknown
WV,CF-D-pop,0.0,0.000864072001522,0.0,0.0,unknown,unknown
WY,CF-D-pop,0.0,0.0004268139105919,0.0,0.0,unknown,unknown
AL,CF-D-null,0.0,0.0014576756674626,0.0,0.0,unknown,unknown
AR,CF-D-null,0.0,0.0001356972533864,0.0,0.0,unknown,unknown
AZ,CF-D-null,0.0,0.0006275112485614,0.0,0.0,unknown,unknown
CA,CF-D-null,0.0,0.0001206582378951,0.0,0.0,unknown,unknown
CO,CF-D-null,0.0,7.592281974412993e-05,0.0,0.0,unknown,unknown
Connecticut,CF-D-null,0.0,0.003576622996659,0.0,0.0,unknown,unknown
Dakotas,CF-D-null,0.0,0.0007772380432148,0.0,0.0,unknown,unknown
FL,CF-D-null,0.0,6.768114410352992e-05,0.0,0.0,unknown,unknown
GA,CF-D-null,0.0,3.861501432860342e-05,0.0,0.0,unknown,unknown
IA,CF-D-null,0.0,8.985434405927029e-05,0.0,0.0,unknown,unknown
ID,CF-D-null,0.0,0.0008881206085517,0.0,0.0,unknown,unknown
IL,CF-D-null,0.0,5.421685566142808e-05,0.0,0.0,unknown,unknown
IN,CF-D-null,0.0,9.120020101561495e-05,0.0,0.0,unknown,unknown
KS,CF-D-null,0.0,8.161701567092814e-05,0.0,0.0,unknown,unknown
KY,CF-D-null,0.0,0.000208986624224,0.0,0.0,unknown,unknown
LA,CF-D-null,0.0,0.0035518083964205,0.0,0.0,unknown,unknown
MA,CF-D-null,0.0,0.0009085147765609,0.0,0.0,unknown,unknown
ME,CF-D-null,0.0,0.0036218665750963,0.0,0.0,unknown,unknown
MI,CF-D-null,0.0,0.0001750980078734,0.0,0.0,unknown,unknown
MN,CF-D-null,0.0,6.60074258003e-05,0.0,0.0,unknown,unknown
MO,CF-D-null,0.0,8.802950747801182e-05,0.0,0.0,unknown,unknown
MS,CF-D-null,0.0,0.0009747504383203,0.0,0.0,unknown,unknown
MT,CF-D-null,0.0,0.0006428304295995,0.0,0.0,unknown,unknown
Maryland,CF-D-null,0.0,0.0004543957650061,0.0,0.0,unknown,unknown
NC,CF-D-null,0.0,0.0004394219397694,0.0,0.0,unknown,unknown
NE,CF-D-null,0.0,0.0001921196219084,0.0,0.0,unknown,unknown
NH,CF-D-null,0.0,0.004094552387325,0.0,0.0,unknown,unknown
NJ,CF-D-null,0.0,0.0012443392192828,0.0,0.0,unknown,unknown
NM,CF-D-null,0.0,0.0008439526609082,0.0,0.0,unknown,unknown
NV,CF-D-null,0.0,0.0006688635799029,0.0,0.0,unknown,unknown
NY,CF-D-null,0.0,0.0001169240507153,0.0,0.0,unknown,unknown
OH,CF-D-null,0.0,9.215765366544843e-05,0.0,0.0,unknown,unknown
OK,CF-D-null,0.0,0.0001703684037806,0.0,0.0,unknown,unknown
OR,CF-D-null,0.0,0.0002084334434233,0.0,0.0,unknown,unknown
PA,CF-D-null,0.0,7.81904080575677e-05,0.0,0.0,unknown,unknown
SC,CF-D-null,0.0,0.0002580664806059,0.0,0.0,unknown,unknown
TN,CF-D-null,0.0,0.0001571969025419,0.0,0.0,unknown,unknown
TX,CF-D-null,0.0,7.228860827882044e-05,0.0,0.0,unknown,unknown
UT,CF-D-null,0.0,0.0002624677719582,0.0,0.0,unknown,unknown
VA,CF-D-null,0.0,0.0002764613493345,0.0,0.0,unknown,unknown
VT,CF-D-null,0.0,0.00351615252328,0.0,0.0,unknown,unknown
WA,CF-D-null,0.0,0.0001063617617601,0.0,0.0,unknown,unknown
WI,CF-D-null,0.0,0.0001606002071612,0.0,0.0,unknown,unknown
WV,CF-D-null,0.0,0.000864072001522,0.0,0.0,unknown,unknown
WY,CF-D-null,0.0,0.0004268139105919,0.0,0.0,unknown,unknown
AL,CF-D-within,0.0,0.0014576756674626,0.0,0.0,unknown,unknown
AR,CF-D-within,0.0,0.0001356972533864,0.0,0.0,unknown,unknown
AZ,CF-D-within,0.0,0.0006275112485614,0.0,0.0,unknown,unknown
CA,CF-D-within,0.0,0.0001206582378951,0.0,0.0,unknown,unknown
CO,CF-D-within,0.0,7.592281974412993e-05,0.0,0.0,unknown,unknown
Connecticut,CF-D-within,0.0,0.003576622996659,0.0,0.0,unknown,unknown
Dakotas,CF-D-within,0.0,0.0007772380432148,0.0,0.0,unknown,unknown
FL,CF-D-within,0.0,6.768114410352992e-05,0.0,0.0,unknown,unknown
GA,CF-D-within,0.0,3.861501432860342e-05,0.0,0.0,unknown,unknown
IA,CF-D-within,0.0,8.985434405927029e-05,0.0,0.0,unknown,unknown
ID,CF-D-within,0.0,0.0008881206085517,0.0,0.0,unknown,unknown
IL,CF-D-within,0.0,5.421685566142808e-05,0.0,0.0,unknown,unknown
IN,CF-D-within,0.0,9.120020101561495e-05,0.0,0.0,unknown,unknown
KS,CF-D-within,0.0,8.161701567092814e-05,0.0,0.0,unknown,unknown
KY,CF-D-within,0.0,0.000208986624224,0.0,0.0,unknown,unknown
LA,CF-D-within,0.0,0.0035518083964205,0.0,0.0,unknown,unknown
MA,CF-D-within,0.0,0.0009085147765609,0.0,0.0,unknown,unknown
ME,CF-D-within,0.0,0.0036218665750963,0.0,0.0,unknown,unknown
MI,CF-D-within,0.0,0.0001750980078734,0.0,0.0,unknown,unknown
MN,CF-D-within,0.0,6.60074258003e-05,0.0,0.0,unknown,unknown
MO,CF-D-within,0.0,8.802950747801182e-05,0.0,0.0,unknown,unknown
MS,CF-D-within,0.0,0.0009747504383203,0.0,0.0,unknown,unknown
MT,CF-D-within,0.0,0.0006428304295995,0.0,0.0,unknown,unknown
Maryland,CF-D-within,0.0,0.0004543957650061,0.0,0.0,unknown,unknown
NC,CF-D-within,0.0,0.0004394219397694,0.0,0.0,unknown,unknown
NE,CF-D-within,0.0,0.0001921196219084,0.0,0.0,unknown,unknown
NH,CF-D-within,0.0,0.004094552387325,0.0,0.0,unknown,unknown
NJ,CF-D-within,0.0,0.0012443392192828,0.0,0.0,unknown,unknown
NM,CF-D-within,0.0,0.0008439526609082,0.0,0.0,unknown,unknown
NV,CF-D-within,0.0,0.0006688635799029,0.0,0.0,unknown,unknown
NY,CF-D-within,0.0,0.0001169240507153,0.0,0.0,unknown,unknown
OH,CF-D-within,0.0,9.215765366544843e-05,0.0,0.0,unknown,unknown
OK,CF-D-within,0.0,0.0001703684037806,0.0,0.0,unknown,unknown
OR,CF-D-within,0.0,0.0002084334434233,0.0,0.0,unknown,unknown
PA,CF-D-within,0.0,7.81904080575677e-05,0.0,0.0,unknown,unknown
SC,CF-D-within,0.0,0.0002580664806059,0.0,0.0,unknown,unknown
TN,CF-D-within,0.0,0.0001571969025419,0.0,0.0,unknown,unknown
TX,CF-D-within,0.0,7.228860827882044e-05,0.0,0.0,unknown,unknown
UT,CF-D-within,0.0,0.0002624677719582,0.0,0.0,unknown,unknown
VA,CF-D-within,0.0,0.0002764613493345,0.0,0.0,unknown,unknown
VT,CF-D-within,0.0,0.00351615252328,0.0,0.0,unknown,unknown
WA,CF-D-within,0.0,0.0001063617617601,0.0,0.0,unknown,unknown
WI,CF-D-within,0.0,0.0001606002071612,0.0,0.0,unknown,unknown
WV,CF-D-within,0.0,0.000864072001522,0.0,0.0,unknown,unknown
WY,CF-D-within,0.0,0.0004268139105919,0.0,0.0,unknown,unknown
AL,CF-S,0.0,0.0014576756674626,0.0,0.0,unknown,unknown
AR,CF-S,0.0,0.0001356972533864,0.0,0.0,unknown,unknown
AZ,CF-S,0.0,0.0006275112485614,0.0,0.0,unknown,unknown
CA,CF-S,0.0,0.0001206582378951,0.0,0.0,unknown,unknown
CO,CF-S,0.0,7.592281974412993e-05,0.0,0.0,unknown,unknown
Connecticut,CF-S,0.0,0.003576622996659,0.0,0.0,unknown,unknown
Dakotas,CF-S,0.0,0.0007772380432148,0.0,0.0,unknown,unknown
FL,CF-S,0.0,6.768114410352992e-05,0.0,0.0,unknown,unknown
GA,CF-S,0.0,3.861501432860342e-05,0.0,0.0,unknown,unknown
IA,CF-S,0.0,8.985434405927029e-05,0.0,0.0,unknown,unknown
ID,CF-S,0.0,0.0008881206085517,0.0,0.0,unknown,unknown
IL,CF-S,0.0,5.421685566142808e-05,0.0,0.0,unknown,unknown
IN,CF-S,0.0,9.120020101561495e-05,0.0,0.0,unknown,unknown
KS,CF-S,0.0,8.161701567092814e-05,0.0,0.0,unknown,unknown
KY,CF-S,0.0,0.000208986624224,0.0,0.0,unknown,unknown
LA,CF-S,0.0,0.0035518083964205,0.0,0.0,unknown,unknown
MA,CF-S,0.0,0.0009085147765609,0.0,0.0,unknown,unknown
ME,CF-S,0.0,0.0036218665750963,0.0,0.0,unknown,unknown
MI,CF-S,0.0,0.0001750980078734,0.0,0.0,unknown,unknown
MN,CF-S,0.0,6.60074258003e-05,0.0,0.0,unknown,unknown
MO,CF-S,0.0,8.802950747801182e-05,0.0,0.0,unknown,unknown
MS,CF-S,0.0,0.0009747504383203,0.0,0.0,unknown,unknown
MT,CF-S,0.0,0.0006428304295995,0.0,0.0,unknown,unknown
Maryland,CF-S,0.0,0.0004543957650061,0.0,0.0,unknown,unknown
NC,CF-S,0.0,0.0004394219397694,0.0,0.0,unknown,unknown
NE,CF-S,0.0,0.0001921196219084,0.0,0.0,unknown,unknown
NH,CF-S,0.0,0.004094552387325,0.0,0.0,unknown,unknown
NJ,CF-S,0.0,0.0012443392192828,0.0,0.0,unknown,unknown
NM,CF-S,0.0,0.0008439526609082,0.0,0.0,unknown,unknown
NV,CF-S,0.0,0.0006688635799029,0.0,0.0,unknown,unknown
NY,CF-S,0.0,0.0001169240507153,0.0,0.0,unknown,unknown
OH,CF-S,0.0,9.215765366544843e-05,0.0,0.0,unknown,unknown
OK,CF-S,0.0,0.0001703684037806,0.0,0.0,unknown,unknown
OR,CF-S,0.0,0.0002084334434233,0.0,0.0,unknown,unknown
PA,CF-S,0.0,7.81904080575677e-05,0.0,0.0,unknown,unknown
SC,CF-S,0.0,0.0002580664806059,0.0,0.0,unknown,unknown
TN,CF-S,0.0,0.0001571969025419,0.0,0.0,unknown,unknown
TX,CF-S,0.0,7.228860827882044e-05,0.0,0.0,unknown,unknown
UT,CF-S,0.0,0.0002624677719582,0.0,0.0,unknown,unknown
VA,CF-S,0.0,0.0002764613493345,0.0,0.0,unknown,unknown
VT,CF-S,0.0,0.00351615252328,0.0,0.0,unknown,unknown
WA,CF-S,0.0,0.0001063617617601,0.0,0.0,unknown,unknown
WI,CF-S,0.0,0.0001606002071612,0.0,0.0,unknown,unknown
WV,CF-S,0.0,0.000864072001522,0.0,0.0,unknown,unknown
WY,CF-S,0.0,0.0004268139105919,0.0,0.0,unknown,unknown
AL,CF-T,0.0,0.0014576756674626,0.0,0.0,unknown,unknown
AR,CF-T,0.0,0.0001356972533864,0.0,0.0,unknown,unknown
AZ,CF-T,0.0,0.0006275112485614,0.0,0.0,unknown,unknown
CA,CF-T,0.0,0.0001206582378951,0.0,0.0,unknown,unknown
CO,CF-T,0.0,7.592281974412993e-05,0.0,0.0,unknown,unknown
Connecticut,CF-T,0.0,0.003576622996659,0.0,0.0,unknown,unknown
Dakotas,CF-T,0.0,0.0007772380432148,0.0,0.0,unknown,unknown
FL,CF-T,0.0,6.768114410352992e-05,0.0,0.0,unknown,unknown
GA,CF-T,0.0,3.861501432860342e-05,0.0,0.0,unknown,unknown
IA,CF-T,0.0,8.985434405927029e-05,0.0,0.0,unknown,unknown
ID,CF-T,0.0,0.0008881206085517,0.0,0.0,unknown,unknown
IL,CF-T,0.0,5.421685566142808e-05,0.0,0.0,unknown,unknown
IN,CF-T,0.0,9.120020101561495e-05,0.0,0.0,unknown,unknown
KS,CF-T,0.0,8.161701567092814e-05,0.0,0.0,unknown,unknown
KY,CF-T,0.0,0.000208986624224,0.0,0.0,unknown,unknown
LA,CF-T,0.0,0.0035518083964205,0.0,0.0,unknown,unknown
MA,CF-T,0.0,0.0009085147765609,0.0,0.0,unknown,unknown
ME,CF-T,0.0,0.0036218665750963,0.0,0.0,unknown,unknown
MI,CF-T,0.0,0.0001750980078734,0.0,0.0,unknown,unknown
MN,CF-T,0.0,6.60074258003e-05,0.0,0.0,unknown,unknown
MO,CF-T,0.0,8.802950747801182e-05,0.0,0.0,unknown,unknown
MS,CF-T,0.0,0.0009747504383203,0.0,0.0,unknown,unknown
MT,CF-T,0.0,0.0006428304295995,0.0,0.0,unknown,unknown
Maryland,CF-T,0.0,0.0004543957650061,0.0,0.0,unknown,unknown
NC,CF-T,0.0,0.0004394219397694,0.0,0.0,unknown,unknown
NE,CF-T,0.0,0.0001921196219084,0.0,0.0,unknown,unknown
NH,CF-T,0.0,0.004094552387325,0.0,0.0,unknown,unknown
NJ,CF-T,0.0,0.0012443392192828,0.0,0.0,unknown,unknown
NM,CF-T,0.0,0.0008439526609082,0.0,0.0,unknown,unknown
NV,CF-T,0.0,0.0006688635799029,0.0,0.0,unknown,unknown
NY,CF-T,0.0,0.0001169240507153,0.0,0.0,unknown,unknown
OH,CF-T,0.0,9.215765366544843e-05,0.0,0.0,unknown,unknown
OK,CF-T,0.0,0.0001703684037806,0.0,0.0,unknown,unknown
OR,CF-T,0.0,0.0002084334434233,0.0,0.0,unknown,unknown
PA,CF-T,0.0,7.81904080575677e-05,0.0,0.0,unknown,unknown
SC,CF-T,0.0,0.0002580664806059,0.0,0.0,unknown,unknown
TN,CF-T,0.0,0.0001571969025419,0.0,0.0,unknown,unknown
TX,CF-T,0.0,7.228860827882044e-05,0.0,0.0,unknown,unknown
UT,CF-T,0.0,0.0002624677719582,0.0,0.0,unknown,unknown
VA,CF-T,0.0,0.0002764613493345,0.0,0.0,unknown,unknown
VT,CF-T,0.0,0.00351615252328,0.0,0.0,unknown,unknown
WA,CF-T,0.0,0.0001063617617601,0.0,0.0,unknown,unknown
WI,CF-T,0.0,0.0001606002071612,0.0,0.0,unknown,unknown
WV,CF-T,0.0,0.000864072001522,0.0,0.0,unknown,unknown
WY,CF-T,0.0,0.0004268139105919,0.0,0.0,unknown,unknown
AL,CF-D,0.0,0.0014576756674626,0.0,0.0,unknown,unknown
AL,CF-D,10.0,0.0014722996265737,1.4623959111100069e-05,1.003238198834466,unknown,unknown
AL,CF-D,20.0,0.001440011573063,-1.7664094399600034e-05,-1.2117986733186137,unknown,unknown
AL,CF-D,30.0,0.0013027228667462,-0.00015495280071639995,-10.630128784829676,unknown,unknown
AL,CF-D,50.0,0.0010799519511604,-0.0003777237163022,-25.9127407237105,unknown,unknown
AL,CF-S,0.0,0.0014576756674626,0.0,0.0,unknown,unknown
AL,CF-S,10.0,0.0014684818750537,1.0806207591100049e-05,0.7413314108419325,unknown,unknown
AL,CF-S,20.0,0.0014505316258579,-7.1440416047000976e-06,-0.49009815860724687,unknown,unknown
AL,CF-S,30.0,0.0004385564690241,-0.0010191191984385,-69.91398849460782,unknown,unknown
AL,CF-S,50.0,0.0001422707555701,-0.0013154049118925,-90.23988952098287,unknown,unknown
AR,CF-D,0.0,0.0001356972533864,0.0,0.0,unknown,unknown
AR,CF-D,10.0,0.000122760399481,-1.2936853905399988e-05,-9.533615148835842,unknown,unknown
AR,CF-D,20.0,0.0001270580222044,-8.639231181999986e-06,-6.366548302491903,unknown,unknown
AR,CF-D,30.0,0.0001667076168817,3.101036349530001e-05,22.852609556508508,unknown,unknown
AR,CF-D,50.0,7.170084467273408e-05,-6.399640871366591e-05,-47.16116731665539,unknown,unknown
AR,CF-S,0.0,0.0001356972533864,0.0,0.0,unknown,unknown
AR,CF-S,10.0,0.0001209532756866,-1.474397769979999e-05,-10.86534718415876,unknown,unknown
AR,CF-S,20.0,0.0001075981580569,-2.8099095329499994e-05,-20.707195339825628,unknown,unknown
AR,CF-S,30.0,9.886358297819688e-05,-3.683367040820312e-05,-27.144005857892115,unknown,unknown
AR,CF-S,50.0,7.965315304302438e-05,-5.604410034337561e-05,-41.300836195843395,unknown,unknown
AZ,CF-D,0.0,0.0006275112485614,0.0,0.0,unknown,unknown
AZ,CF-D,10.0,0.0005418946787878,-8.561656977359999e-05,-13.64383028509531,unknown,unknown
AZ,CF-D,20.0,0.0004608588780812,-0.00016665237048019995,-26.55767061742058,unknown,unknown
AZ,CF-D,30.0,0.0003919298753977,-0.00023558137316369998,-37.54217533212062,unknown,unknown
AZ,CF-D,50.0,0.0002939104331688,-0.00033360081539259993,-53.16252356549719,unknown,unknown
AZ,CF-S,0.0,0.0006275112485614,0.0,0.0,unknown,unknown
AZ,CF-S,10.0,0.0005144448404155,-0.00011306640814589999,-18.018228104294582,unknown,unknown
AZ,CF-S,20.0,0.00048991224732,-0.00013759900124139996,-21.92773461142766,unknown,unknown
AZ,CF-S,30.0,0.0004761906873763,-0.00015132056118509994,-24.114398193181348,unknown,unknown
AZ,CF-S,50.0,0.0003653945250706,-0.00026211672349079994,-41.77084061707503,unknown,unknown
CA,CF-D,0.0,0.0001206582378951,0.0,0.0,unknown,unknown
CA,CF-D,10.0,0.0001037618741057,-1.6896363789400007e-05,-14.003489595206641,unknown,unknown
CA,CF-D,20.0,9.544662247292464e-05,-2.5211615422175365e-05,-20.895063496695755,unknown,unknown
CA,CF-D,30.0,7.316030626280011e-05,-4.749793163229989e-05,-39.36567652645026,unknown,unknown
CA,CF-D,50.0,5.210993774892631e-05,-6.85483001461737e-05,-56.81195195786751,unknown,unknown
CA,CF-S,0.0,0.0001206582378951,0.0,0.0,unknown,unknown
CA,CF-S,10.0,0.0001110339331401,-9.624304755000005e-06,-7.976500339220396,unknown,unknown
CA,CF-S,20.0,9.455920665657056e-05,-2.6099031238529445e-05,-21.63054234325872,unknown,unknown
CA,CF-S,30.0,8.643362494934942e-05,-3.422461294575058e-05,-28.36492024316266,unknown,unknown
CA,CF-S,50.0,7.152009283834662e-05,-4.913814505675338e-05,-40.72506437519333,unknown,unknown
CO,CF-D,0.0,7.592281974412993e-05,0.0,0.0,unknown,unknown
CO,CF-D,10.0,6.460329226753545e-05,-1.1319527476594471e-05,-14.909255892685225,unknown,unknown
CO,CF-D,20.0,5.459925604014747e-05,-2.1323563703982458e-05,-28.085842670024274,unknown,unknown
CO,CF-D,30.0,5.233244972470661e-05,-2.3590370019423314e-05,-31.071514597226525,unknown,unknown
CO,CF-D,50.0,5.649798639808734e-05,-1.9424833346042586e-05,-25.58497354485368,unknown,unknown
CO,CF-S,0.0,7.592281974412993e-05,0.0,0.0,unknown,unknown
CO,CF-S,10.0,7.156746526680313e-05,-4.3553544773267995e-06,-5.736555217528705,unknown,unknown
CO,CF-S,20.0,6.441111741302634e-05,-1.1511702331103586e-05,-15.162374592908385,unknown,unknown
CO,CF-S,30.0,5.841642094256077e-05,-1.750639880156916e-05,-23.05815150249697,unknown,unknown
CO,CF-S,50.0,5.0266655072214805e-05,-2.565616467191512e-05,-33.79242862472684,unknown,unknown
Connecticut,CF-D,0.0,0.003576622996659,0.0,0.0,unknown,unknown
Connecticut,CF-D,10.0,0.0023243990716942,-0.0012522239249647999,-35.011348026742795,unknown,unknown
Connecticut,CF-D,20.0,0.0022753878055896,-0.0013012351910693999,-36.381670427241325,unknown,unknown
Connecticut,CF-D,30.0,0.0022383254144058,-0.0013382975822532,-37.417910232734414,unknown,unknown
Connecticut,CF-D,50.0,0.0020497796631035,-0.0015268433335555,-42.68952402816168,unknown,unknown
Connecticut,CF-S,0.0,0.003576622996659,0.0,0.0,unknown,unknown
Connecticut,CF-S,10.0,0.0033607729026204,-0.0002158500940385999,-6.03502505688271,unknown,unknown
Connecticut,CF-S,20.0,0.0032260093015592,-0.0003506136950997998,-9.802925704702888,unknown,unknown
Connecticut,CF-S,30.0,0.0027116167062319,-0.0008650062904271001,-24.185000522423554,unknown,unknown
Connecticut,CF-S,50.0,0.0020377748950569,-0.0015388481016020998,-43.025169357787235,unknown,unknown
Dakotas,CF-D,0.0,0.0007772380432148,0.0,0.0,unknown,unknown
Dakotas,CF-D,10.0,0.0008791328528247,0.0001018948096099,13.109858749121988,unknown,unknown
Dakotas,CF-D,20.0,0.0007815799087799,4.3418655651e-06,0.5586275148268918,unknown,unknown
Dakotas,CF-D,30.0,0.0005845037347564,-0.00019273430845839995,-24.797333344777527,unknown,unknown
Dakotas,CF-D,50.0,0.000461466372436,-0.0003157716707788,-40.62740797821863,unknown,unknown
Dakotas,CF-S,0.0,0.0007772380432148,0.0,0.0,unknown,unknown
Dakotas,CF-S,10.0,0.0007429249729897,-3.431307022509994e-05,-4.41474404458829,unknown,unknown
Dakotas,CF-S,20.0,0.0004700346017853,-0.0003072034414295,-39.52501348992772,unknown,unknown
Dakotas,CF-S,30.0,0.0004412031373983,-0.00033603490581649996,-43.234490224719,unknown,unknown
Dakotas,CF-S,50.0,0.0004282619242536,-0.00034897611896119997,-44.89951592150204,unknown,unknown
FL,CF-D,0.0,6.768114410352992e-05,0.0,0.0,unknown,unknown
FL,CF-D,10.0,6.373275119888133e-05,-3.948392904648592e-06,-5.833815247875903,unknown,unknown
FL,CF-D,20.0,6.879600194360226e-05,1.1148578400723363e-06,1.6472207360545943,unknown,unknown
FL,CF-D,30.0,6.651816202873726e-05,-1.1629820747926633e-06,-1.7183250818184792,unknown,unknown
FL,CF-D,50.0,4.446256108048325e-05,-2.321858302304667e-05,-34.30583706967167,unknown,unknown
FL,CF-S,0.0,6.768114410352992e-05,0.0,0.0,unknown,unknown
FL,CF-S,10.0,6.744374749294871e-05,-2.3739661058121435e-07,-0.35075738409220075,unknown,unknown
FL,CF-S,20.0,6.665658344581948e-05,-1.024560657710439e-06,-1.5138051687530543,unknown,unknown
FL,CF-S,30.0,5.492340625572785e-05,-1.275773784780207e-05,-18.849766824696285,unknown,unknown
FL,CF-S,50.0,5.361791324361104e-05,-1.406323085991888e-05,-20.778654152782575,unknown,unknown
GA,CF-D,0.0,3.861501432860342e-05,0.0,0.0,unknown,unknown
GA,CF-D,10.0,3.363440237308863e-05,-4.980611955514789e-06,-12.898122769374412,unknown,unknown
GA,CF-D,20.0,2.7055519982385323e-05,-1.1559494346218094e-05,-29.935232570030653,unknown,unknown
GA,CF-D,30.0,2.1459877768043108e-05,-1.715513656056031e-05,-44.426078453771105,unknown,unknown
GA,CF-D,50.0,1.852947199117191e-05,-2.0085542337431506e-05,-52.01485144226266,unknown,unknown
GA,CF-S,0.0,3.861501432860342e-05,0.0,0.0,unknown,unknown
GA,CF-S,10.0,3.723485417110631e-05,-1.3801601574971043e-06,-3.5741542026951265,unknown,unknown
GA,CF-S,20.0,1.8446994756545385e-05,-2.0168019572058032e-05,-52.22843995455652,unknown,unknown
GA,CF-S,30.0,1.740417709619872e-05,-2.1210837232404697e-05,-54.92898967201245,unknown,unknown
GA,CF-S,50.0,1.2909536633055509e-05,-2.5705477695547908e-05,-66.56860846095041,unknown,unknown
IA,CF-D,0.0,8.985434405927029e-05,0.0,0.0,unknown,unknown
IA,CF-D,10.0,5.9899290233057616e-05,-2.9955053826212673e-05,-33.337346279500444,unknown,unknown
IA,CF-D,20.0,4.88761681447891e-05,-4.097817591448119e-05,-45.60511385787971,unknown,unknown
IA,CF-D,30.0,3.5676876078548785e-05,-5.41774679807215e-05,-60.294767657515386,unknown,unknown
IA,CF-D,50.0,3.8660817008513976e-05,-5.119352705075631e-05,-56.973903250562614,unknown,unknown
IA,CF-S,0.0,8.985434405927029e-05,0.0,0.0,unknown,unknown
IA,CF-S,10.0,8.94999074337324e-05,-3.544366255378936e-07,-0.3944568615448329,unknown,unknown
IA,CF-S,20.0,8.97254616527074e-05,-1.2888240656289455e-07,-0.1434348087588067,unknown,unknown
IA,CF-S,30.0,4.571691222488998e-05,-4.413743183438031e-05,-49.121088464310745,unknown,unknown
IA,CF-S,50.0,2.3540346500463784e-05,-6.63139975588065e-05,-73.80166006783605,unknown,unknown
ID,CF-D,0.0,0.0008881206085517,0.0,0.0,unknown,unknown
ID,CF-D,10.0,0.000962736021621,7.46154130693e-05,8.401495512076773,unknown,unknown
ID,CF-D,20.0,0.0011669638956125,0.0002788432870608,31.39700671010471,unknown,unknown
ID,CF-D,30.0,0.0010086902607485,0.0001205696521968001,13.57581966186087,unknown,unknown
ID,CF-D,50.0,0.0008817954657386,-6.3251428130999465e-06,-0.7121941268106202,unknown,unknown
ID,CF-S,0.0,0.0008881206085517,0.0,0.0,unknown,unknown
ID,CF-S,10.0,0.000741513759562,-0.00014660684898970002,-16.507538230508885,unknown,unknown
ID,CF-S,20.0,0.0007140387660993,-0.00017408184245240003,-19.601148850299,unknown,unknown
ID,CF-S,30.0,0.0007037094533164,-0.00018441115523529998,-20.764201782911886,unknown,unknown
ID,CF-S,50.0,0.0005412812913207,-0.000346839317231,-39.05317745036985,unknown,unknown
IL,CF-D,0.0,5.421685566142808e-05,0.0,0.0,unknown,unknown
IL,CF-D,10.0,4.7557008662311454e-05,-6.659846999116628e-06,-12.283720473769,unknown,unknown
IL,CF-D,20.0,4.61879681778891e-05,-8.028887483538981e-06,-14.808840139453228,unknown,unknown
IL,CF-D,30.0,4.521426414376392e-05,-9.002591517664162e-06,-16.604783526885615,unknown,unknown
IL,CF-D,50.0,2.517596789337312e-05,-2.904088776805496e-05,-53.56431577184906,unknown,unknown
IL,CF-S,0.0,5.421685566142808e-05,0.0,0.0,unknown,unknown
IL,CF-S,10.0,5.421685566142808e-05,0.0,0.0,unknown,unknown
IL,CF-S,20.0,5.2810593267413167e-05,-1.4062623940149156e-06,-2.593773424996654,unknown,unknown
IL,CF-S,30.0,5.14736678568089e-05,-2.743187804619184e-06,-5.059658608292903,unknown,unknown
IL,CF-S,50.0,2.319205084000304e-05,-3.1024804821425046e-05,-57.22354135615663,unknown,unknown
IN,CF-D,0.0,9.120020101561495e-05,0.0,0.0,unknown,unknown
IN,CF-D,10.0,7.54544648390357e-05,-1.5745736176579257e-05,-17.265023542967118,unknown,unknown
IN,CF-D,20.0,6.776457511874162e-05,-2.3435625896873333e-05,-25.696901581237494,unknown,unknown
IN,CF-D,30.0,6.698297651226001e-05,-2.421722450335494e-05,-26.553915708155685,unknown,unknown
IN,CF-D,50.0,5.4906986387446703e-05,-3.629321462816825e-05,-39.79510376512686,unknown,unknown
IN,CF-S,0.0,9.120020101561495e-05,0.0,0.0,unknown,unknown
IN,CF-S,10.0,8.894617333314264e-05,-2.2540276824723176e-06,-2.4715161341435987,unknown,unknown
IN,CF-S,20.0,8.141799737205487e-05,-9.782203643560086e-06,-10.726076844814425,unknown,unknown
IN,CF-S,30.0,7.119502800011984e-05,-2.0005173015495115e-05,-21.93544837918713,unknown,unknown
IN,CF-S,50.0,4.087348508050898e-05,-5.032671593510598e-05,-55.182680931250616,unknown,unknown
KS,CF-D,0.0,8.161701567092814e-05,0.0,0.0,unknown,unknown
KS,CF-D,10.0,8.047000923513904e-05,-1.1470064357890975e-06,-1.4053520903211112,unknown,unknown
KS,CF-D,20.0,4.953967112898034e-05,-3.20773445419478e-05,-39.302275730443924,unknown,unknown
KS,CF-D,30.0,4.934079217052101e-05,-3.227622350040713e-05,-39.545949132153666,unknown,unknown
KS,CF-D,50.0,4.172392901741216e-05,-3.989308665351598e-05,-48.878394199514744,unknown,unknown
KS,CF-S,0.0,8.161701567092814e-05,0.0,0.0,unknown,unknown
KS,CF-S,10.0,7.338005794423153e-05,-8.236957726696608e-06,-10.092206458402277,unknown,unknown
KS,CF-S,20.0,6.947713019965321e-05,-1.213988547127493e-05,-14.874208976497949,unknown,unknown
KS,CF-S,30.0,6.509749177466288e-05,-1.651952389626526e-05,-20.240293963786144,unknown,unknown
KS,CF-S,50.0,3.992666579389335e-05,-4.169034987703479e-05,-51.08046347237961,unknown,unknown
KY,CF-D,0.0,0.000208986624224,0.0,0.0,unknown,unknown
KY,CF-D,10.0,0.0002118254335648,2.838809340799988e-06,1.3583689153987395,unknown,unknown
KY,CF-D,20.0,0.0002391268920932,3.01402678692e-05,14.422103797846166,unknown,unknown
KY,CF-D,30.0,0.0001340626513213,-7.492397290269999e-05,-35.851085293570534,unknown,unknown
KY,CF-D,50.0,0.000104194085203,-0.000104792539021,-50.143179933218725,unknown,unknown
KY,CF-S,0.0,0.000208986624224,0.0,0.0,unknown,unknown
KY,CF-S,10.0,0.0002022547748283,-6.731849395699989e-06,-3.2211867246032604,unknown,unknown
KY,CF-S,20.0,0.000200502732604,-8.483891619999993e-06,-4.059538093168407,unknown,unknown
KY,CF-S,30.0,0.0002004473396675,-8.539284556500007e-06,-4.086043586860023,unknown,unknown
KY,CF-S,50.0,0.00019382743462,-1.5159189604000003e-05,-7.253664994249485,unknown,unknown
LA,CF-D,0.0,0.0035518083964205,0.0,0.0,unknown,unknown
LA,CF-D,10.0,0.0030403822783649,-0.0005114261180556002,-14.399034547331258,unknown,unknown
LA,CF-D,20.0,0.0025538027856575,-0.0009980056107630002,-28.098520510531667,unknown,unknown
LA,CF-D,30.0,0.0020418180915114,-0.0015099903049091003,-42.51328158441382,unknown,unknown
LA,CF-D,50.0,0.0024449125937358,-0.0011068958026847,-31.164288135593846,unknown,unknown
LA,CF-S,0.0,0.0035518083964205,0.0,0.0,unknown,unknown
LA,CF-S,10.0,0.0032797402729426,-0.0002720681234779001,-7.659988746918031,unknown,unknown
LA,CF-S,20.0,0.0032512595618698,-0.0003005488345507001,-8.461853822227352,unknown,unknown
LA,CF-S,30.0,0.0032332667285069,-0.00031854166791360017,-8.968436141843274,unknown,unknown
LA,CF-S,50.0,0.0011491269996909,-0.0024026813967296,-67.64670636938112,unknown,unknown
MA,CF-D,0.0,0.0009085147765609,0.0,0.0,unknown,unknown
MA,CF-D,10.0,0.0007271976931213,-0.00018131708343960002,-19.95752717704376,unknown,unknown
MA,CF-D,20.0,0.0006591913871221,-0.00024932338943879997,-27.442964701420813,unknown,unknown
MA,CF-D,30.0,0.0005299551190747,-0.0003785596574862,-41.66796922326384,unknown,unknown
MA,CF-D,50.0,0.0004291288782777,-0.0004793858982832,-52.765888970774,unknown,unknown
MA,CF-S,0.0,0.0009085147765609,0.0,0.0,unknown,unknown
MA,CF-S,10.0,0.0008401194752231,-6.839530133780005e-05,-7.528254146476762,unknown,unknown
MA,CF-S,20.0,0.0007474065001214,-0.00016110827643950006,-17.733148716563615,unknown,unknown
MA,CF-S,30.0,0.0007015210930387,-0.00020699368352220004,-22.78374428930653,unknown,unknown
MA,CF-S,50.0,0.0004865529488707,-0.0004219618276902,-46.44523551807248,unknown,unknown
ME,CF-D,0.0,0.0036218665750963,0.0,0.0,unknown,unknown
ME,CF-D,10.0,0.0036078291698392,-1.4037405257100177e-05,-0.38757378180688346,unknown,unknown
ME,CF-D,20.0,0.0035779090755709,-4.395749952540006e-05,-1.2136697643046472,unknown,unknown
ME,CF-D,30.0,0.0032092417882834,-0.0004126247868128999,-11.39260042460092,unknown,unknown
ME,CF-D,50.0,0.0023086662201365,-0.0013132003549597999,-36.25755747020813,unknown,unknown
ME,CF-S,0.0,0.0036218665750963,0.0,0.0,unknown,unknown
ME,CF-S,10.0,0.0032511453564073,-0.00037072121868900014,-10.235639855925482,unknown,unknown
ME,CF-S,20.0,0.0027609103539936,-0.0008609562211026999,-23.77106398735322,unknown,unknown
ME,CF-S,30.0,0.0024929670164735,-0.0011288995586228,-31.168999056592366,unknown,unknown
ME,CF-S,50.0,0.0019882686836439,-0.0016335978914524003,-45.10375679449112,unknown,unknown
MI,CF-D,0.0,0.0001750980078734,0.0,0.0,unknown,unknown
MI,CF-D,10.0,0.0001310159915057,-4.4082016367700004e-05,-25.17562415648517,unknown,unknown
MI,CF-D,20.0,0.0001206523133741,-5.444569449930001e-05,-31.094411158958206,unknown,unknown
MI,CF-D,30.0,9.973554718705488e-05,-7.536246068634512e-05,-43.040158823985,unknown,unknown
MI,CF-D,50.0,8.514716906476245e-05,-8.995083880863756e-05,-51.37170885100768,unknown,unknown
MI,CF-S,0.0,0.0001750980078734,0.0,0.0,unknown,unknown
MI,CF-S,10.0,0.0001538611332774,-2.1236874596000004e-05,-12.12856437027814,unknown,unknown
MI,CF-S,20.0,0.0001530053359325,-2.2092671940900007e-05,-12.61731770065227,unknown,unknown
MI,CF-S,30.0,0.0001222713417804,-5.2826666092999997e-05,-30.169769910343536,unknown,unknown
MI,CF-S,50.0,0.0001022232872729,-7.287472060050001e-05,-41.61938875580478,unknown,unknown
MN,CF-D,0.0,6.60074258003e-05,0.0,0.0,unknown,unknown
MN,CF-D,10.0,5.022271181412789e-05,-1.578471398617211e-05,-23.913542748852915,unknown,unknown
MN,CF-D,20.0,2.839349190310805e-05,-3.7613933897191954e-05,-56.98439749944165,unknown,unknown
MN,CF-D,30.0,2.408599674119088e-05,-4.192142905910912e-05,-63.51017109186916,unknown,unknown
MN,CF-D,50.0,2.088570975681437e-05,-4.512171604348563e-05,-68.3585452642823,unknown,unknown
MN,CF-S,0.0,6.60074258003e-05,0.0,0.0,unknown,unknown
MN,CF-S,10.0,6.463333793890973e-05,-1.374087861390273e-06,-2.0817170867221244,unknown,unknown
MN,CF-S,20.0,5.725527004862759e-05,-8.75215575167241e-06,-13.259350210310174,unknown,unknown
MN,CF-S,30.0,5.564490253838519e-05,-1.0362523261914809e-05,-15.699026490240302,unknown,unknown
MN,CF-S,50.0,4.256011023451818e-05,-2.344731556578182e-05,-35.522239023105875,unknown,unknown
MO,CF-D,0.0,8.802950747801182e-05,0.0,0.0,unknown,unknown
MO,CF-D,10.0,7.093507507703263e-05,-1.7094432400979195e-05,-19.418979942889123,unknown,unknown
MO,CF-D,20.0,4.125971597499322e-05,-4.67697915030186e-05,-53.12967531336108,unknown,unknown
MO,CF-D,30.0,2.463138564828916e-05,-6.339812182972267e-05,-72.01917135065008,unknown,unknown
MO,CF-D,50.0,2.0471256529639546e-05,-6.755825094837228e-05,-76.74500617335285,unknown,unknown
MO,CF-S,0.0,8.802950747801182e-05,0.0,0.0,unknown,unknown
MO,CF-S,10.0,8.608066218613454e-05,-1.9488452918772813e-06,-2.2138545900237685,unknown,unknown
MO,CF-S,20.0,8.430991010954328e-05,-3.7195973684685436e-06,-4.2253983636085115,unknown,unknown
MO,CF-S,30.0,4.514802500186116e-05,-4.2881482476150664e-05,-48.71262341989325,unknown,unknown
MO,CF-S,50.0,4.150709482373984e-05,-4.6522412654271986e-05,-52.84865721405115,unknown,unknown
MS,CF-D,0.0,0.0009747504383203,0.0,0.0,unknown,unknown
MS,CF-D,10.0,0.0008897090064028,-8.504143191750003e-05,-8.72443125689118,unknown,unknown
MS,CF-D,20.0,0.000639109315757,-0.0003356411225633,-34.433544153278895,unknown,unknown
MS,CF-D,30.0,0.0005621419958352,-0.00041260844248509996,-42.32964934041077,unknown,unknown
MS,CF-D,50.0,0.0005730106319991,-0.00040173980632120005,-41.21463202555541,unknown,unknown
MS,CF-S,0.0,0.0009747504383203,0.0,0.0,unknown,unknown
MS,CF-S,10.0,0.0009720634949988,-2.6869433215000226e-06,-0.2756544871249497,unknown,unknown
MS,CF-S,20.0,0.0009702903873071,-4.4600510132000335e-06,-0.4575582464867253,unknown,unknown
MS,CF-S,30.0,0.0006979540411485,-0.00027679639717180006,-28.39664249331126,unknown,unknown
MS,CF-S,50.0,0.0003896950829561,-0.0005850553553642,-60.02104050062018,unknown,unknown
MT,CF-D,0.0,0.0006428304295995,0.0,0.0,unknown,unknown
MT,CF-D,10.0,0.0005371168630131,-0.00010571356658639999,-16.445015935580752,unknown,unknown
MT,CF-D,20.0,0.0005079078110607,-0.00013492261853880003,-20.988835052948616,unknown,unknown
MT,CF-D,30.0,0.0004424406723105,-0.000200389757289,-31.17303538568453,unknown,unknown
MT,CF-D,50.0,0.0004472851556423,-0.0001955452739572,-30.419417773833416,unknown,unknown
MT,CF-S,0.0,0.0006428304295995,0.0,0.0,unknown,unknown
MT,CF-S,10.0,0.0005713644126847,-7.146601691480003e-05,-11.117397936392837,unknown,unknown
MT,CF-S,20.0,0.0005211102472771,-0.00012172018232239998,-18.935037409202113,unknown,unknown
MT,CF-S,30.0,0.0005080475708865,-0.00013478285871299997,-20.967093732164045,unknown,unknown
MT,CF-S,50.0,0.000416663891904,-0.00022616653769550003,-35.18292340896302,unknown,unknown
Maryland,CF-D,0.0,0.0004543957650061,0.0,0.0,unknown,unknown
Maryland,CF-D,10.0,0.0004377715165445,-1.6624248461600004e-05,-3.658539480749085,unknown,unknown
Maryland,CF-D,20.0,0.0003871545433061,-6.72412217e-05,-14.797941987662961,unknown,unknown
Maryland,CF-D,30.0,0.0003485250791865,-0.00010587068581959999,-23.29922371045398,unknown,unknown
Maryland,CF-D,50.0,0.0002762134044401,-0.000178182360566,-39.2130328423303,unknown,unknown
Maryland,CF-S,0.0,0.0004543957650061,0.0,0.0,unknown,unknown
Maryland,CF-S,10.0,0.0004005664640771,-5.382930092900001e-05,-11.846347407810322,unknown,unknown
Maryland,CF-S,20.0,0.0003889446911801,-6.545107382600001e-05,-14.403979716915137,unknown,unknown
Maryland,CF-S,30.0,0.0003735154104015,-8.08803546046e-05,-17.799539703789765,unknown,unknown
Maryland,CF-S,50.0,0.0003111616209171,-0.000143234144089,-31.52189239419456,unknown,unknown
NC,CF-D,0.0,0.0004394219397694,0.0,0.0,unknown,unknown
NC,CF-D,10.0,0.0003623318789975,-7.709006077190003e-05,-17.543516560041443,unknown,unknown
NC,CF-D,20.0,0.0003256501018001,-0.0001137718379693,-25.89125113529953,unknown,unknown
NC,CF-D,30.0,0.0003040458769192,-0.00013537606285020002,-30.807761424302736,unknown,unknown
NC,CF-D,50.0,0.0002474625689365,-0.0001919593708329,-43.68452129031985,unknown,unknown
NC,CF-S,0.0,0.0004394219397694,0.0,0.0,unknown,unknown
NC,CF-S,10.0,0.0003939721159253,-4.5449823844100014e-05,-10.34309389921477,unknown,unknown
NC,CF-S,20.0,0.0003599852832532,-7.943665651620002e-05,-18.07753535426265,unknown,unknown
NC,CF-S,30.0,0.0003368199247008,-0.00010260201506859999,-23.34931549445244,unknown,unknown
NC,CF-S,50.0,0.0003017542653675,-0.0001376676744019,-31.329267372071882,unknown,unknown
NE,CF-D,0.0,0.0001921196219084,0.0,0.0,unknown,unknown
NE,CF-D,10.0,0.0001486739919001,-4.3445630008300006e-05,-22.61384317579715,unknown,unknown
NE,CF-D,20.0,0.0001473492216738,-4.477040023460001e-05,-23.303398054752535,unknown,unknown
NE,CF-D,30.0,0.0001010957272747,-9.10238946337e-05,-47.37876002957103,unknown,unknown
NE,CF-D,50.0,9.160547062846804e-05,-0.00010051415127993196,-52.318524407598375,unknown,unknown
NE,CF-S,0.0,0.0001921196219084,0.0,0.0,unknown,unknown
NE,CF-S,10.0,0.0001669320134772,-2.518760843120001e-05,-13.110377889047228,unknown,unknown
NE,CF-S,20.0,0.0001691175804406,-2.30020414678e-05,-11.972770526670645,unknown,unknown
NE,CF-S,30.0,0.0001238418681685,-6.82777537399e-05,-35.539188065055576,unknown,unknown
NE,CF-S,50.0,9.2184133976543e-05,-9.9935487931857e-05,-52.017324903702374,unknown,unknown
NH,CF-D,0.0,0.004094552387325,0.0,0.0,unknown,unknown
NH,CF-D,10.0,0.0035525538589464,-0.0005419985283785997,-13.237064204048227,unknown,unknown
NH,CF-D,20.0,0.0021732092641706,-0.0019213431231543997,-46.924375155195584,unknown,unknown
NH,CF-D,30.0,0.0019028391074266,-0.0021917132798983997,-53.52754275859348,unknown,unknown
NH,CF-D,50.0,0.0014718219368427,-0.0026227304504822997,-64.05414322213002,unknown,unknown
NH,CF-S,0.0,0.004094552387325,0.0,0.0,unknown,unknown
NH,CF-S,10.0,0.0036145006411766,-0.0004800517461483996,-11.72415689769745,unknown,unknown
NH,CF-S,20.0,0.0034636460003956,-0.0006309063869293996,-15.408433627138795,unknown,unknown
NH,CF-S,30.0,0.0031235217171595,-0.0009710306701654998,-23.715184916705415,unknown,unknown
NH,CF-S,50.0,0.0015747853495333,-0.0025197670377916995,-61.53949930136029,unknown,unknown
NJ,CF-D,0.0,0.0012443392192828,0.0,0.0,unknown,unknown
NJ,CF-D,10.0,0.0007949001807769,-0.0004494390385058999,-36.118691072434665,unknown,unknown
NJ,CF-D,20.0,0.0007139281225171,-0.0005304110967656999,-42.625924550655334,unknown,unknown
NJ,CF-D,30.0,0.0005943990377608,-0.0006499401815219999,-52.23175251975149,unknown,unknown
NJ,CF-D,50.0,0.0004950708345838,-0.000749268384699,-60.21415809194344,unknown,unknown
NJ,CF-S,0.0,0.0012443392192828,0.0,0.0,unknown,unknown
NJ,CF-S,10.0,0.0010898569543778,-0.0001544822649049999,-12.414803175137314,unknown,unknown
NJ,CF-S,20.0,0.0006015801848475,-0.0006427590344352999,-51.65464725975342,unknown,unknown
NJ,CF-S,30.0,0.0004244959163165,-0.0008198433029663,-65.88583645533838,unknown,unknown
NJ,CF-S,50.0,0.000376427070723,-0.0008679121485597999,-69.74883818739062,unknown,unknown
NM,CF-D,0.0,0.0008439526609082,0.0,0.0,unknown,unknown
NM,CF-D,10.0,0.0008974225548052,5.346989389699993e-05,6.335650845565146,unknown,unknown
NM,CF-D,20.0,0.0008809157044211,3.696304351289998e-05,4.379753181075709,unknown,unknown
NM,CF-D,30.0,0.0006950034616895,-0.00014894919921870002,-17.648999300317602,unknown,unknown
NM,CF-D,50.0,0.0006476680871287,-0.00019628457377950006,-23.257770592046356,unknown,unknown
NM,CF-S,0.0,0.0008439526609082,0.0,0.0,unknown,unknown
NM,CF-S,10.0,0.000809866624859,-3.4086036049200095e-05,-4.038856398950055,unknown,unknown
NM,CF-S,20.0,0.0007691248841458,-7.482777676240003e-05,-8.866347631616666,unknown,unknown
NM,CF-S,30.0,0.0007614709934846,-8.248166742360003e-05,-9.773257582343458,unknown,unknown
NM,CF-S,50.0,0.000566534917989,-0.0002774177429192001,-32.871244534102594,unknown,unknown
NV,CF-D,0.0,0.0006688635799029,0.0,0.0,unknown,unknown
NV,CF-D,10.0,0.000585750584013,-8.311299588990005e-05,-12.426001114003798,unknown,unknown
NV,CF-D,20.0,0.0004933632430578,-0.00017550033684509997,-26.238584685770697,unknown,unknown
NV,CF-D,30.0,0.0004134860588864,-0.0002553775210165,-38.180808267894264,unknown,unknown
NV,CF-D,50.0,0.0003339423185479,-0.000334921261355,-50.07317955682697,unknown,unknown
NV,CF-S,0.0,0.0006688635799029,0.0,0.0,unknown,unknown
NV,CF-S,10.0,0.0006374924561473,-3.137112375560004e-05,-4.690212578199315,unknown,unknown
NV,CF-S,20.0,0.0005961598454002,-7.27037345027e-05,-10.869740360695753,unknown,unknown
NV,CF-S,30.0,0.0005644965112614,-0.0001043670686415,-15.603640529605622,unknown,unknown
NV,CF-S,50.0,0.0005067245780027,-0.0001621390019002,-24.2409673320437,unknown,unknown
NY,CF-D,0.0,0.0001169240507153,0.0,0.0,unknown,unknown
NY,CF-D,10.0,0.000102322712431,-1.4601338284299991e-05,-12.487882685362136,unknown,unknown
NY,CF-D,20.0,8.757442103062251e-05,-2.934962968467748e-05,-25.1014479100979,unknown,unknown
NY,CF-D,30.0,7.450840151910274e-05,-4.2415649196197254e-05,-36.27623994953417,unknown,unknown
NY,CF-D,50.0,5.110996829090085e-05,-6.581408242439915e-05,-56.28789117531583,unknown,unknown
NY,CF-S,0.0,0.0001169240507153,0.0,0.0,unknown,unknown
NY,CF-S,10.0,0.0001116314249016,-5.292625813699991e-06,-4.5265501676700195,unknown,unknown
NY,CF-S,20.0,0.0001074024457561,-9.521604959199996e-06,-8.143410103353574,unknown,unknown
NY,CF-S,30.0,0.0001005209235323,-1.6403127182999997e-05,-14.028873514603253,unknown,unknown
NY,CF-S,50.0,8.033026937104827e-05,-3.659378134425173e-05,-31.297052334728324,unknown,unknown
OH,CF-D,0.0,9.215765366544843e-05,0.0,0.0,unknown,unknown
OH,CF-D,10.0,6.544173420019889e-05,-2.6715919465249548e-05,-28.98936594266378,unknown,unknown
OH,CF-D,20.0,6.361993502607474e-05,-2.853771863937369e-05,-30.966194889218407,unknown,unknown
OH,CF-D,30.0,6.17103030504746e-05,-3.0447350614973837e-05,-33.038330951332696,unknown,unknown
OH,CF-D,50.0,5.125575439334401e-05,-4.090189927210443e-05,-44.38253107070942,unknown,unknown
OH,CF-S,0.0,9.215765366544843e-05,0.0,0.0,unknown,unknown
OH,CF-S,10.0,8.045705837651236e-05,-1.1700595288936078e-05,-12.696281669031732,unknown,unknown
OH,CF-S,20.0,7.04170109597241e-05,-2.174064270572434e-05,-23.590707706868734,unknown,unknown
OH,CF-S,30.0,6.898736765415972e-05,-2.317028601128872e-05,-25.142009469340124,unknown,unknown
OH,CF-S,50.0,5.140873863456622e-05,-4.074891503088222e-05,-44.21652831875397,unknown,unknown
OK,CF-D,0.0,0.0001703684037806,0.0,0.0,unknown,unknown
OK,CF-D,10.0,0.0001507784931936,-1.9589910586999986e-05,-11.498558507496393,unknown,unknown
OK,CF-D,20.0,0.0001228295731787,-4.7538830601899994e-05,-27.903548749051133,unknown,unknown
OK,CF-D,30.0,9.88819737689676e-05,-7.14864300116324e-05,-41.9599106555535,unknown,unknown
OK,CF-D,50.0,7.067920572677115e-05,-9.968919805382884e-05,-58.51390037216546,unknown,unknown
OK,CF-S,0.0,0.0001703684037806,0.0,0.0,unknown,unknown
OK,CF-S,10.0,0.0001520582572182,-1.83101465624e-05,-10.747383996142712,unknown,unknown
OK,CF-S,20.0,9.751098807092196e-05,-7.285741570967804e-05,-42.764628941117294,unknown,unknown
OK,CF-S,30.0,9.059993218477968e-05,-7.976847159582032e-05,-46.82116509029806,unknown,unknown
OK,CF-S,50.0,6.050545100981497e-05,-0.00010986295277078502,-64.48552098443457,unknown,unknown
OR,CF-D,0.0,0.0002084334434233,0.0,0.0,unknown,unknown
OR,CF-D,10.0,0.0001716939932408,-3.673945018250002e-05,-17.62646606950075,unknown,unknown
OR,CF-D,20.0,0.0001501798312892,-5.82536121341e-05,-27.948303869736886,unknown,unknown
OR,CF-D,30.0,0.0001159079108951,-9.25255325282e-05,-44.39092451219223,unknown,unknown
OR,CF-D,50.0,8.55007599251003e-05,-0.0001229326834981997,-58.97934682609457,unknown,unknown
OR,CF-S,0.0,0.0002084334434233,0.0,0.0,unknown,unknown
OR,CF-S,10.0,0.0002017370367113,-6.696406712000007e-06,-3.2127314129722047,unknown,unknown
OR,CF-S,20.0,0.0001744285465195,-3.4004896903800004e-05,-16.314510927471787,unknown,unknown
OR,CF-S,30.0,9.861698741182744e-05,-0.00010981645601147257,-52.68658148512677,unknown,unknown
OR,CF-S,50.0,7.731149700101382e-05,-0.00013112194642228618,-62.90830505352029,unknown,unknown
PA,CF-D,0.0,7.81904080575677e-05,0.0,0.0,unknown,unknown
PA,CF-D,10.0,6.064476981892119e-05,-1.7545638238646506e-05,-22.43962996807553,unknown,unknown
PA,CF-D,20.0,5.58651801745741e-05,-2.2325227882993597e-05,-28.552386971246708,unknown,unknown
PA,CF-D,30.0,4.728112177363365e-05,-3.090928628393405e-05,-39.530790351134996,unknown,unknown
PA,CF-D,50.0,3.719097269348755e-05,-4.0999435364080146e-05,-52.43537715507803,unknown,unknown
PA,CF-S,0.0,7.81904080575677e-05,0.0,0.0,unknown,unknown
PA,CF-S,10.0,6.350948711437078e-05,-1.4680920943196921e-05,-18.775859223535566,unknown,unknown
PA,CF-S,20.0,5.698501042051198e-05,-2.120539763705572e-05,-27.120203313740536,unknown,unknown
PA,CF-S,30.0,5.109535128703754e-05,-2.7095056770530155e-05,-34.65266065702255,unknown,unknown
PA,CF-S,50.0,3.813531000441077e-05,-4.0055098053156925e-05,-51.227636545478,unknown,unknown
SC,CF-D,0.0,0.0002580664806059,0.0,0.0,unknown,unknown
SC,CF-D,10.0,0.0002234727910248,-3.459368958110001e-05,-13.404952669513452,unknown,unknown
SC,CF-D,20.0,0.0001988548174883,-5.9211663117600014e-05,-22.94434479773593,unknown,unknown
SC,CF-D,30.0,0.0001698741572308,-8.819232337510001e-05,-34.174265161456894,unknown,unknown
SC,CF-D,50.0,0.0001370242515562,-0.00012104222904970002,-46.903506710949706,unknown,unknown
SC,CF-S,0.0,0.0002580664806059,0.0,0.0,unknown,unknown
SC,CF-S,10.0,0.0002447170618948,-1.3349418711100037e-05,-5.172860372938661,unknown,unknown
SC,CF-S,20.0,0.0002147883670142,-4.327811359170001e-05,-16.770141356634042,unknown,unknown
SC,CF-S,30.0,0.000129097399679,-0.00012896908092690002,-49.97513843103554,unknown,unknown
SC,CF-S,50.0,0.0001188791757839,-0.00013918730482200003,-53.934670049054745,unknown,unknown
TN,CF-D,0.0,0.0001571969025419,0.0,0.0,unknown,unknown
TN,CF-D,10.0,0.0001199242165497,-3.727268599220001e-05,-23.710827242454837,unknown,unknown
TN,CF-D,20.0,9.713016838747882e-05,-6.006673415442119e-05,-38.21114359324652,unknown,unknown
TN,CF-D,30.0,7.432356978299208e-05,-8.287333275890793e-05,-52.71944384325161,unknown,unknown
TN,CF-D,50.0,4.41824691382898e-05,-0.00011301443340361021,-71.89354979401506,unknown,unknown
TN,CF-S,0.0,0.0001571969025419,0.0,0.0,unknown,unknown
TN,CF-S,10.0,0.00015349494338,-3.7019591619000215e-06,-2.354982256036046,unknown,unknown
TN,CF-S,20.0,0.0001511092088324,-6.087693709500025e-06,-3.872655002141268,unknown,unknown
TN,CF-S,30.0,0.0001311066730914,-2.609022945050001e-05,-16.597165102248628,unknown,unknown
TN,CF-S,50.0,0.0001195307415586,-3.7666160983300016e-05,-23.961134331676988,unknown,unknown
TX,CF-D,0.0,7.228860827882044e-05,0.0,0.0,unknown,unknown
TX,CF-D,10.0,6.50211548448504e-05,-7.267453433970042e-06,-10.053386843386367,unknown,unknown
TX,CF-D,20.0,6.23558107949704e-05,-9.932797483850047e-06,-13.740474080699958,unknown,unknown
TX,CF-D,30.0,4.72790143461541e-05,-2.5009593932666345e-05,-34.59686737390656,unknown,unknown
TX,CF-D,50.0,4.192979243572159e-05,-3.035881584309885e-05,-41.99668048111193,unknown,unknown
TX,CF-S,0.0,7.228860827882044e-05,0.0,0.0,unknown,unknown
TX,CF-S,10.0,7.142324438991114e-05,-8.653638889093065e-07,-1.1970957935329984,unknown,unknown
TX,CF-S,20.0,4.405426099168285e-05,-2.8234347287137593e-05,-39.05781001929991,unknown,unknown
TX,CF-S,30.0,4.471551783373767e-05,-2.7573090445082774e-05,-38.143064449009884,unknown,unknown
TX,CF-S,50.0,3.7094964808744095e-05,-3.519364347007635e-05,-48.68490943183312,unknown,unknown
UT,CF-D,0.0,0.0002624677719582,0.0,0.0,unknown,unknown
UT,CF-D,10.0,0.0002869043070989,2.4436535140700004e-05,9.31029930203839,unknown,unknown
UT,CF-D,20.0,0.0002532392604047,-9.228511553499986e-06,-3.5160551273204304,unknown,unknown
UT,CF-D,30.0,0.0002507581579583,-1.1709613999900015e-05,-4.461353069193143,unknown,unknown
UT,CF-D,50.0,0.0002369853592435,-2.548241271470002e-05,-9.708777776632434,unknown,unknown
UT,CF-S,0.0,0.0002624677719582,0.0,0.0,unknown,unknown
UT,CF-S,10.0,0.0002409530837554,-2.1514688202800016e-05,-8.197078080209556,unknown,unknown
UT,CF-S,20.0,0.0002001410747674,-6.232669719080002e-05,-23.74641912254508,unknown,unknown
UT,CF-S,30.0,0.0001817037030111,-8.07640689471e-05,-30.771042229124532,unknown,unknown
UT,CF-S,50.0,0.0001366011601758,-0.0001258666117824,-47.955073052719484,unknown,unknown
VA,CF-D,0.0,0.0002764613493345,0.0,0.0,unknown,unknown
VA,CF-D,10.0,0.0002219089279455,-5.4552421389000003e-05,-19.73238628846999,unknown,unknown
VA,CF-D,20.0,0.0002034461631132,-7.30151862213e-05,-26.410630779695875,unknown,unknown
VA,CF-D,30.0,0.0001374338893043,-0.0001390274600302,-50.28820859222022,unknown,unknown
VA,CF-D,50.0,0.0001073975633589,-0.00016906378597559998,-61.15277465821956,unknown,unknown
VA,CF-S,0.0,0.0002764613493345,0.0,0.0,unknown,unknown
VA,CF-S,10.0,0.0002580548335523,-1.840651578219999e-05,-6.6578984102147745,unknown,unknown
VA,CF-S,20.0,0.0001006117071135,-0.00017584964222100002,-63.6073153242964,unknown,unknown
VA,CF-S,30.0,9.737938709010746e-05,-0.00017908196224439255,-64.7764914247435,unknown,unknown
VA,CF-S,50.0,4.186058090939623e-05,-0.00023460076842510378,-84.85843282970174,unknown,unknown
VT,CF-D,0.0,0.00351615252328,0.0,0.0,unknown,unknown
VT,CF-D,10.0,0.0029492298892354,-0.0005669226340445999,-16.12338003801249,unknown,unknown
VT,CF-D,20.0,0.0013389161354954,-0.0021772363877846,-61.92098816446084,unknown,unknown
VT,CF-D,30.0,0.0015665517369858,-0.0019496007862941998,-55.4469913744111,unknown,unknown
VT,CF-D,50.0,0.001460371630174,-0.002055780893106,-58.46677240236125,unknown,unknown
VT,CF-S,0.0,0.00351615252328,0.0,0.0,unknown,unknown
VT,CF-S,10.0,0.0034017877356176,-0.00011436478766239976,-3.252554799747878,unknown,unknown
VT,CF-S,20.0,0.0030607444336732,-0.00045540808960679987,-12.951886659967128,unknown,unknown
VT,CF-S,30.0,0.0029696511237971,-0.0005465013994828999,-15.542596513222433,unknown,unknown
VT,CF-S,50.0,0.0020240695054029,-0.0014920830178771,-42.43510507573854,unknown,unknown
WA,CF-D,0.0,0.0001063617617601,0.0,0.0,unknown,unknown
WA,CF-D,10.0,6.919426106382037e-05,-3.7167500696279636e-05,-34.94441995057519,unknown,unknown
WA,CF-D,20.0,6.701300300357306e-05,-3.9348758756526945e-05,-36.99521153596389,unknown,unknown
WA,CF-D,30.0,6.175883318428578e-05,-4.460292857581423e-05,-41.935116378023686,unknown,unknown
WA,CF-D,50.0,7.937582716544952e-05,-2.698593459465049e-05,-25.371838664648607,unknown,unknown
WA,CF-S,0.0,0.0001063617617601,0.0,0.0,unknown,unknown
WA,CF-S,10.0,9.650800488488651e-05,-9.853756875213493e-06,-9.264379145428915,unknown,unknown
WA,CF-S,20.0,8.644555766489848e-05,-1.991620409520153e-05,-18.724966346573613,unknown,unknown
WA,CF-S,30.0,7.307799671017375e-05,-3.3283765049926255e-05,-31.29298020184934,unknown,unknown
WA,CF-S,50.0,5.427995730722635e-05,-5.208180445287366e-05,-48.966662070100604,unknown,unknown
WI,CF-D,0.0,0.0001606002071612,0.0,0.0,unknown,unknown
WI,CF-D,10.0,0.0001196379416488,-4.096226551240001e-05,-25.505736409969114,unknown,unknown
WI,CF-D,20.0,0.0001142986129653,-4.6301594195900006e-05,-28.830345249446342,unknown,unknown
WI,CF-D,30.0,0.0001023116721564,-5.8288535004800005e-05,-36.29418419510118,unknown,unknown
WI,CF-D,50.0,7.352544825154557e-05,-8.707475890965444e-05,-54.21833536133267,unknown,unknown
WI,CF-S,0.0,0.0001606002071612,0.0,0.0,unknown,unknown
WI,CF-S,10.0,0.0001546017377005,-5.9984694607000024e-06,-3.7350322062032775,unknown,unknown
WI,CF-S,20.0,0.0001524140974319,-8.186109729300007e-06,-5.097197490588119,unknown,unknown
WI,CF-S,30.0,5.37203813486995e-05,-0.00010687982581250051,-66.55024156053642,unknown,unknown
WI,CF-S,50.0,4.841919676539431e-05,-0.0001121810103958057,-69.8510994342652,unknown,unknown
WV,CF-D,0.0,0.000864072001522,0.0,0.0,unknown,unknown
WV,CF-D,10.0,0.0006917497045242,-0.00017232229699779998,-19.943048344844737,unknown,unknown
WV,CF-D,20.0,0.0006018603051888,-0.0002622116963332,-30.346047073777786,unknown,unknown
WV,CF-D,30.0,0.0004938245152364,-0.0003702474862856,-42.849147482320454,unknown,unknown
WV,CF-D,50.0,0.0003409664775722,-0.0005231055239498,-60.539575756231855,unknown,unknown
WV,CF-S,0.0,0.000864072001522,0.0,0.0,unknown,unknown
WV,CF-S,10.0,0.0007736017131139,-9.047028840809997e-05,-10.470225658133018,unknown,unknown
WV,CF-S,20.0,0.0006730044439605,-0.00019106755756149996,-22.1124578999144,unknown,unknown
WV,CF-S,30.0,0.0006592715442037,-0.00020480045731829997,-23.7017814438564,unknown,unknown
WV,CF-S,50.0,0.0004107434008354,-0.0004533286006866,-52.464215932016614,unknown,unknown
WY,CF-D,0.0,0.0004268139105919,0.0,0.0,unknown,unknown
WY,CF-D,10.0,0.0004618523340764,3.50384234845e-05,8.209297451413702,unknown,unknown
WY,CF-D,20.0,0.0002808585755433,-0.0001459553350486,-34.19648034577669,unknown,unknown
WY,CF-D,30.0,0.000340310837368,-8.650307322390002e-05,-20.267163528934347,unknown,unknown
WY,CF-D,50.0,0.0002599319164761,-0.0001668819941158,-39.0994740270696,unknown,unknown
WY,CF-S,0.0,0.0004268139105919,0.0,0.0,unknown,unknown
WY,CF-S,10.0,0.000373168260586,-5.364565000590002e-05,-12.568861668895686,unknown,unknown
WY,CF-S,20.0,0.000340135015351,-8.667889524089999e-05,-20.308357597973977,unknown,unknown
WY,CF-S,30.0,0.0002778056941258,-0.0001490082164661,-34.91175258544346,unknown,unknown
WY,CF-S,50.0,0.0002168504113615,-0.00020996349923040002,-49.19321840734417,unknown,unknown
