unit,family,slope_dLpct_per_dose_pct,intercept,r_value,n_doses,delta_at_20,delta_at_50,quadrant,quadrant_label
AL,CF-D,-0.5070628008069009,3.1709130176224622,-0.9283709733607448,6,-1.2117986733186137,-25.9127407237105,unknown,unknown
AL,CF-D-null,,,,1,,,unknown,unknown
AL,CF-D-pop,,,,1,,,unknown,unknown
AL,CF-D-within,,,,1,,,unknown,unknown
AL,CF-S,-1.9541173235165894,9.175043470578132,-0.9055274664386822,6,-0.49009815860724687,-90.23988952098287,unknown,unknown
AL,CF-T,,,,1,,,unknown,unknown
AR,CF-D,-0.614860517415226,4.570989284033371,-0.5224617413206886,6,-6.366548302491903,-47.16116731665539,unknown,unknown
AR,CF-D-null,,,,1,,,unknown,unknown
AR,CF-D-pop,,,,1,,,unknown,unknown
AR,CF-D-within,,,,1,,,unknown,unknown
AR,CF-S,-0.8328357417215051,-1.4009088313923908,-0.9939899438460933,6,-20.707195339825628,-41.300836195843395,unknown,unknown
AR,CF-T,,,,1,,,unknown,unknown
AZ,CF-D,-1.0895767205851634,-1.8421267559609547,-0.9922178794681621,6,-26.55767061742058,-53.16252356549719,unknown,unknown
AZ,CF-D-null,,,,1,,,unknown,unknown
AZ,CF-D-pop,,,,1,,,unknown,unknown
AZ,CF-D-within,,,,1,,,unknown,unknown
AZ,CF-S,-0.7914011974926103,-3.1295116336319175,-0.9656081549444145,6,-21.92773461142766,-41.77084061707503,unknown,unknown
AZ,CF-T,,,,1,,,unknown,unknown
CA,CF-D,-1.1556322463763686,-0.6594390791366038,-0.99383591553442,6,-20.895063496695755,-56.81195195786751,unknown,unknown
CA,CF-D-null,,,,1,,,unknown,unknown
CA,CF-D-pop,,,,1,,,unknown,unknown
CA,CF-D-within,,,,1,,,unknown,unknown
CA,CF-S,-0.8443174384760783,-0.9703515114110832,-0.9895478590679515,6,-21.63054234325872,-40.72506437519333,unknown,unknown
CA,CF-T,,,,1,,,unknown,unknown
CO,CF-D,-0.581552798884428,-5.946796471250439,-0.8078209343619356,6,-28.085842670024274,-25.58497354485368,unknown,unknown
CO,CF-D-null,,,,1,,,unknown,unknown
CO,CF-D-pop,,,,1,,,unknown,unknown
CO,CF-D-within,,,,1,,,unknown,unknown
CO,CF-S,-0.6990644273385429,-0.14207048840352954,-0.9953891904842836,6,-15.162374592908385,-33.79242862472684,unknown,unknown
CO,CF-T,,,,1,,,unknown,unknown
Connecticut,CF-D,-0.8268595207590619,-10.090984238563903,-0.8133287260571036,6,-36.381670427241325,-42.68952402816168,unknown,unknown
Connecticut,CF-D-null,,,,1,,,unknown,unknown
Connecticut,CF-D-pop,,,,1,,,unknown,unknown
Connecticut,CF-D-within,,,,1,,,unknown,unknown
Connecticut,CF-S,-0.8552221432523995,1.837719185994592,-0.9852264054654313,6,-9.802925704702888,-43.025169357787235,unknown,unknown
Connecticut,CF-T,,,,1,,,unknown,unknown
Dakotas,CF-D,-0.8942413727702473,7.768382657613319,-0.8696778810752888,6,0.5586275148268918,-40.62740797821863,unknown,unknown
Dakotas,CF-D-null,,,,1,,,unknown,unknown
Dakotas,CF-D-pop,,,,1,,,unknown,unknown
Dakotas,CF-D-within,,,,1,,,unknown,unknown
Dakotas,CF-S,-1.0382155109279274,-2.97834291311084,-0.8905537840536893,6,-39.52501348992772,-44.89951592150204,unknown,unknown
Dakotas,CF-T,,,,1,,,unknown,unknown
FL,CF-D,-0.5601972415230592,3.568489984037508,-0.7899604396384294,6,1.6472207360545943,-34.30583706967167,unknown,unknown
FL,CF-D-null,,,,1,,,unknown,unknown
FL,CF-D-pop,,,,1,,,unknown,unknown
FL,CF-D-within,,,,1,,,unknown,unknown
FL,CF-S,-0.4659316946230398,1.6265838130350447,-0.9019909381550597,6,-1.5138051687530543,-20.778654152782575,unknown,unknown
FL,CF-T,,,,1,,,unknown,unknown
GA,CF-D,-1.119211810002254,-2.693497689198484,-0.9697096539362007,6,-29.935232570030653,-52.01485144226266,unknown,unknown
GA,CF-D-null,,,,1,,,unknown,unknown
GA,CF-D-pop,,,,1,,,unknown,unknown
GA,CF-D-within,,,,1,,,unknown,unknown
GA,CF-S,-1.48996828088781,-2.2339468987592355,-0.9190539726914341,6,-52.22843995455652,-66.56860846095041,unknown,unknown
GA,CF-T,,,,1,,,unknown,unknown
IA,CF-D,-1.2243238210828977,-10.255918454389906,-0.8787060832001494,6,-45.60511385787971,-56.973903250562614,unknown,unknown
IA,CF-D-null,,,,1,,,unknown,unknown
IA,CF-D-pop,,,,1,,,unknown,unknown
IA,CF-D-within,,,,1,,,unknown,unknown
IA,CF-S,-1.543584346053181,7.722272977233246,-0.9184718832827711,6,-0.1434348087588067,-73.80166006783605,unknown,unknown
IA,CF-T,,,,1,,,unknown,unknown
ID,CF-D,0.06273325519765056,7.626911614248362,0.0975453228837448,6,31.39700671010471,-0.7121941268106202,unknown,unknown
ID,CF-D-null,,,,1,,,unknown,unknown
ID,CF-D-pop,,,,1,,,unknown,unknown
ID,CF-D-within,,,,1,,,unknown,unknown
ID,CF-S,-0.7295780900311194,-2.6120794017777467,-0.963717827890055,6,-19.601148850299,-39.05317745036985,unknown,unknown
ID,CF-T,,,,1,,,unknown,unknown
IL,CF-D,-0.9622528514371147,1.4310256243542838,-0.9484844602939178,6,-14.808840139453228,-53.56431577184906,unknown,unknown
IL,CF-D-null,,,,1,,,unknown,unknown
IL,CF-D-pop,,,,1,,,unknown,unknown
IL,CF-D-within,,,,1,,,unknown,unknown
IL,CF-S,-0.9958041322566574,7.443580193131021,-0.8466498327453543,6,-2.593773424996654,-57.22354135615663,unknown,unknown
IL,CF-T,,,,1,,,unknown,unknown
IN,CF-D,-0.779961208283984,-3.919201947708153,-0.9552015597002824,6,-25.696901581237494,-39.79510376512686,unknown,unknown
IN,CF-D-null,,,,1,,,unknown,unknown
IN,CF-D-pop,,,,1,,,unknown,unknown
IN,CF-D-within,,,,1,,,unknown,unknown
IN,CF-S,-1.0622898871877593,4.422694216876293,-0.9637898194867052,6,-10.726076844814425,-55.182680931250616,unknown,unknown
IN,CF-T,,,,1,,,unknown,unknown
KS,CF-D,-1.0953864150395523,-1.4399109163471167,-0.9114039632650001,6,-39.302275730443924,-48.878394199514744,unknown,unknown
KS,CF-D-null,,,,1,,,unknown,unknown
KS,CF-D-pop,,,,1,,,unknown,unknown
KS,CF-D-within,,,,1,,,unknown,unknown
KS,CF-S,-0.9527646375276123,1.4194895428285612,-0.9754441643091561,6,-14.874208976497949,-51.08046347237961,unknown,unknown
KS,CF-T,,,,1,,,unknown,unknown
KY,CF-D,-1.058449342093183,7.702605852784298,-0.8135549571081961,6,14.422103797846166,-50.143179933218725,unknown,unknown
KY,CF-D-null,,,,1,,,unknown,unknown
KY,CF-D-pop,,,,1,,,unknown,unknown
KY,CF-D-within,,,,1,,,unknown,unknown
KY,CF-S,-0.1366155260786836,-0.598787588370997,-0.9569915160641296,6,-4.059538093168407,-7.253664994249485,unknown,unknown
KY,CF-T,,,,1,,,unknown,unknown
LA,CF-D,-0.7485113216292523,-5.639813233108809,-0.8315408727618474,6,-28.098520510531667,-31.164288135593846,unknown,unknown
LA,CF-D-null,,,,1,,,unknown,unknown
LA,CF-D-pop,,,,1,,,unknown,unknown
LA,CF-D-within,,,,1,,,unknown,unknown
LA,CF-S,-1.1665737912378598,5.9310219926324645,-0.8742410303658947,6,-8.461853822227352,-67.64670636938112,unknown,unknown
LA,CF-T,,,,1,,,unknown,unknown
MA,CF-D,-1.0813123927643846,-3.8149978114033516,-0.9744509020798523,6,-27.442964701420813,-52.765888970774,unknown,unknown
MA,CF-D-null,,,,1,,,unknown,unknown
MA,CF-D-pop,,,,1,,,unknown,unknown
MA,CF-D-within,,,,1,,,unknown,unknown
MA,CF-S,-0.9044580202236305,0.8333332590299918,-0.993993510716739,6,-17.733148716563615,-46.44523551807248,unknown,unknown
MA,CF-T,,,,1,,,unknown,unknown
ME,CF-D,-0.6795730935941866,4.250273142406657,-0.9137339636346706,6,-1.2136697643046472,-36.25755747020813,unknown,unknown
ME,CF-D-null,,,,1,,,unknown,unknown
ME,CF-D-pop,,,,1,,,unknown,unknown
ME,CF-D-within,,,,1,,,unknown,unknown
ME,CF-S,-0.9272099444240738,-1.3810609679523473,-0.9909753935254779,6,-23.77106398735322,-45.10375679449112,unknown,unknown
ME,CF-T,,,,1,,,unknown,unknown
MI,CF-D,-1.0465131595695336,-5.9275759062979,-0.9453431672542346,6,-31.094411158958206,-51.37170885100768,unknown,unknown
MI,CF-D-null,,,,1,,,unknown,unknown
MI,CF-D-pop,,,,1,,,unknown,unknown
MI,CF-D-within,,,,1,,,unknown,unknown
MI,CF-S,-0.8441869660017317,-0.6124124128147095,-0.9806961510901224,6,-12.61731770065227,-41.61938875580478,unknown,unknown
MI,CF-T,,,,1,,,unknown,unknown
MN,CF-D,-1.4874338419642696,-8.19148899806273,-0.9146643104493287,6,-56.98439749944165,-68.3585452642823,unknown,unknown
MN,CF-D-null,,,,1,,,unknown,unknown
MN,CF-D-pop,,,,1,,,unknown,unknown
MN,CF-D-within,,,,1,,,unknown,unknown
MN,CF-S,-0.6970499926083126,1.685527729422649,-0.9814399051209834,6,-13.259350210310174,-35.522239023105875,unknown,unknown
MN,CF-T,,,,1,,,unknown,unknown
MO,CF-D,-1.6976319401302387,-5.762219894321149,-0.9422654407185408,6,-53.12967531336108,-76.74500617335285,unknown,unknown
MO,CF-D-null,,,,1,,,unknown,unknown
MO,CF-D-pop,,,,1,,,unknown,unknown
MO,CF-D-within,,,,1,,,unknown,unknown
MO,CF-S,-1.1843088286900125,3.7122395947207814,-0.9022887860245877,6,-4.2253983636085115,-52.84865721405115,unknown,unknown
MO,CF-T,,,,1,,,unknown,unknown
MS,CF-D,-0.9470769395904876,-3.753965570197103,-0.9019177074386051,6,-34.433544153278895,-41.21463202555541,unknown,unknown
MS,CF-D-null,,,,1,,,unknown,unknown
MS,CF-D-pop,,,,1,,,unknown,unknown
MS,CF-D-within,,,,1,,,unknown,unknown
MS,CF-S,-1.1842969493591362,6.853628116993642,-0.9254000155373854,6,-0.4575582464867253,-60.02104050062018,unknown,unknown
MS,CF-T,,,,1,,,unknown,unknown
MT,CF-D,-0.650392867944842,-4.5805147790191185,-0.9045375995504747,6,-20.988835052948616,-30.419417773833416,unknown,unknown
MT,CF-D-null,,,,1,,,unknown,unknown
MT,CF-D-pop,,,,1,,,unknown,unknown
MT,CF-D-within,,,,1,,,unknown,unknown
MT,CF-S,-0.6890205740023748,-1.7350315577434667,-0.9852343120721002,6,-18.935037409202113,-35.18292340896302,unknown,unknown
MT,CF-T,,,,1,,,unknown,unknown
Maryland,CF-D,-0.8005729509392664,1.182381097020496,-0.9945915949650241,6,-14.797941987662961,-39.2130328423303,unknown,unknown
Maryland,CF-D-null,,,,1,,,unknown,unknown
Maryland,CF-D-pop,,,,1,,,unknown,unknown
Maryland,CF-D-within,,,,1,,,unknown,unknown
Maryland,CF-S,-0.6006061735345916,-1.584180022317451,-0.9806709283436564,6,-14.403979716915137,-31.52189239419456,unknown,unknown
Maryland,CF-T,,,,1,,,unknown,unknown
NC,CF-D,-0.8706494715232641,-3.692601423734086,-0.96984248587663,6,-25.89125113529953,-43.68452129031985,unknown,unknown
NC,CF-D-null,,,,1,,,unknown,unknown
NC,CF-D-pop,,,,1,,,unknown,unknown
NC,CF-D-within,,,,1,,,unknown,unknown
NC,CF-S,-0.6416489861847093,-2.086303939947287,-0.9786602905683368,6,-18.07753535426265,-31.329267372071882,unknown,unknown
NC,CF-T,,,,1,,,unknown,unknown
NE,CF-D,-1.0937499700240114,-4.2170048275129695,-0.948847814485659,6,-23.303398054752535,-52.318524407598375,unknown,unknown
NE,CF-D-null,,,,1,,,unknown,unknown
NE,CF-D-pop,,,,1,,,unknown,unknown
NE,CF-D-within,,,,1,,,unknown,unknown
NE,CF-S,-1.0473666997408568,0.4284459311697333,-0.9758601168180482,6,-11.972770526670645,-52.017324903702374,unknown,unknown
NE,CF-T,,,,1,,,unknown,unknown
NH,CF-D,-1.3915580306775037,-4.11195699424032,-0.94546372072501,6,-46.924375155195584,-64.05414322213002,unknown,unknown
NH,CF-D-null,,,,1,,,unknown,unknown
NH,CF-D-pop,,,,1,,,unknown,unknown
NH,CF-D-within,,,,1,,,unknown,unknown
NH,CF-S,-1.143402150691535,2.231160305527819,-0.9695595287914522,6,-15.408433627138795,-61.53949930136029,unknown,unknown
NH,CF-T,,,,1,,,unknown,unknown
NJ,CF-D,-1.2139148146669625,-9.60998277023651,-0.9057172603910305,6,-42.625924550655334,-60.21415809194344,unknown,unknown
NJ,CF-D-null,,,,1,,,unknown,unknown
NJ,CF-D-pop,,,,1,,,unknown,unknown
NJ,CF-D-within,,,,1,,,unknown,unknown
NJ,CF-S,-1.5716897452494312,-4.469708850030383,-0.9298012845223336,6,-51.65464725975342,-69.74883818739062,unknown,unknown
NJ,CF-T,,,,1,,,unknown,unknown
NM,CF-D,-0.5245479092016405,4.584817357742892,-0.8258384636637254,6,4.379753181075709,-23.257770592046356,unknown,unknown
NM,CF-D-null,,,,1,,,unknown,unknown
NM,CF-D-pop,,,,1,,,unknown,unknown
NM,CF-D-within,,,,1,,,unknown,unknown
NM,CF-S,-0.6032199246559466,1.8007475941902253,-0.9516724845446729,6,-8.866347631616666,-32.871244534102594,unknown,unknown
NM,CF-T,,,,1,,,unknown,unknown
NV,CF-D,-1.0466943792661274,-1.9636986508702883,-0.9857876623101264,6,-26.238584685770697,-50.07317955682697,unknown,unknown
NV,CF-D-null,,,,1,,,unknown,unknown
NV,CF-D-pop,,,,1,,,unknown,unknown
NV,CF-D-within,,,,1,,,unknown,unknown
NV,CF-S,-0.49311729246528213,-0.1936097715605598,-0.9981746821984577,6,-10.869740360695753,-24.2409673320437,unknown,unknown
NV,CF-T,,,,1,,,unknown,unknown
NY,CF-D,-1.138111191558431,-0.826871774813771,-0.9984611373703748,6,-25.1014479100979,-56.28789117531583,unknown,unknown
NY,CF-D-null,,,,1,,,unknown,unknown
NY,CF-D-pop,,,,1,,,unknown,unknown
NY,CF-D-within,,,,1,,,unknown,unknown
NY,CF-S,-0.6003157240947471,1.3398072550111682,-0.9829017948084697,6,-8.143410103353574,-31.297052334728324,unknown,unknown
NY,CF-T,,,,1,,,unknown,unknown
OH,CF-D,-0.8500493559103603,-7.311832283964106,-0.8907261287953367,6,-30.966194889218407,-44.38253107070942,unknown,unknown
OH,CF-D-null,,,,1,,,unknown,unknown
OH,CF-D-pop,,,,1,,,unknown,unknown
OH,CF-D-within,,,,1,,,unknown,unknown
OH,CF-S,-0.8639092068171825,-1.769252402350748,-0.9863508280355368,6,-23.590707706868734,-44.21652831875397,unknown,unknown
OH,CF-T,,,,1,,,unknown,unknown
OK,CF-D,-1.2176055202403429,-0.9898851763047958,-0.9925109030568862,6,-27.903548749051133,-58.51390037216546,unknown,unknown
OK,CF-D-null,,,,1,,,unknown,unknown
OK,CF-D-pop,,,,1,,,unknown,unknown
OK,CF-D-within,,,,1,,,unknown,unknown
OK,CF-S,-1.364602445395351,-2.4520716697506764,-0.9648270394858631,6,-42.764628941117294,-64.48552098443457,unknown,unknown
OK,CF-T,,,,1,,,unknown,unknown
OR,CF-D,-1.213415960002987,-2.578214279532645,-0.9875252583163341,6,-27.948303869736886,-58.97934682609457,unknown,unknown
OR,CF-D-null,,,,1,,,unknown,unknown
OR,CF-D-pop,,,,1,,,unknown,unknown
OR,CF-D-within,,,,1,,,unknown,unknown
OR,CF-S,-1.3843493099782154,2.8593825364187744,-0.9538677897353526,6,-16.314510927471787,-62.90830505352029,unknown,unknown
OR,CF-T,,,,1,,,unknown,unknown
PA,CF-D,-1.0525149871993775,-4.530255975600625,-0.9683912724742386,6,-28.552386971246708,-52.43537715507803,unknown,unknown
PA,CF-D-null,,,,1,,,unknown,unknown
PA,CF-D-pop,,,,1,,,unknown,unknown
PA,CF-D-within,,,,1,,,unknown,unknown
PA,CF-S,-1.0169332974861085,-3.3189495027174516,-0.9821855040857538,6,-27.120203313740536,-51.227636545478,unknown,unknown
PA,CF-T,,,,1,,,unknown,unknown
SC,CF-D,-0.9613328009631956,-1.946743538950745,-0.9900203645147231,6,-22.94434479773593,-46.903506710949706,unknown,unknown
SC,CF-D-null,,,,1,,,unknown,unknown
SC,CF-D-pop,,,,1,,,unknown,unknown
SC,CF-D-within,,,,1,,,unknown,unknown
SC,CF-S,-1.2083987074701148,1.178507935341603,-0.9457511608852321,6,-16.770141356634042,-53.934670049054745,unknown,unknown
SC,CF-T,,,,1,,,unknown,unknown
TN,CF-D,-1.4643102304159465,-4.243473187868986,-0.9839461016850924,6,-38.21114359324652,-71.89354979401506,unknown,unknown
TN,CF-D-null,,,,1,,,unknown,unknown
TN,CF-D-pop,,,,1,,,unknown,unknown
TN,CF-D-within,,,,1,,,unknown,unknown
TN,CF-S,-0.4987074794155435,1.345314340601142,-0.9627737870140531,6,-3.872655002141268,-23.961134331676988,unknown,unknown
TN,CF-T,,,,1,,,unknown,unknown
TX,CF-D,-0.8881314518780891,-0.4488248454191712,-0.9724390423689508,6,-13.740474080699958,-41.99668048111193,unknown,unknown
TX,CF-D-null,,,,1,,,unknown,unknown
TX,CF-D-pop,,,,1,,,unknown,unknown
TX,CF-D-within,,,,1,,,unknown,unknown
TX,CF-S,-1.0841478419464896,-1.3044361799270092,-0.9121789130939492,6,-39.05781001929991,-48.68490943183312,unknown,unknown
TX,CF-T,,,,1,,,unknown,unknown
UT,CF-D,-0.23518920431670848,2.9158209672883855,-0.718995969050588,6,-3.5160551273204304,-9.708777776632434,unknown,unknown
UT,CF-D-null,,,,1,,,unknown,unknown
UT,CF-D-pop,,,,1,,,unknown,unknown
UT,CF-D-within,,,,1,,,unknown,unknown
UT,CF-S,-0.9816855861301229,-0.44736633504752277,-0.9941681619289368,6,-23.74641912254508,-47.955073052719484,unknown,unknown
UT,CF-T,,,,1,,,unknown,unknown
VA,CF-D,-1.2758131663619992,-2.874092003130958,-0.9762196665197742,6,-26.410630779695875,-61.15277465821956,unknown,unknown
VA,CF-D-null,,,,1,,,unknown,unknown
VA,CF-D-pop,,,,1,,,unknown,unknown
VA,CF-D-within,,,,1,,,unknown,unknown
VA,CF-S,-1.854923439832531,-2.643093267896333,-0.934025826755053,6,-63.6073153242964,-84.85843282970174,unknown,unknown
VA,CF-T,,,,1,,,unknown,unknown
VT,CF-D,-1.310001507292159,-7.976327696184697,-0.8526503876845694,6,-61.92098816446084,-58.46677240236125,unknown,unknown
VT,CF-D-null,,,,1,,,unknown,unknown
VT,CF-D-pop,,,,1,,,unknown,unknown
VT,CF-D-within,,,,1,,,unknown,unknown
VT,CF-S,-0.8068621988432009,2.4287831373460183,-0.9698654034749712,6,-12.951886659967128,-42.43510507573854,unknown,unknown
VT,CF-T,,,,1,,,unknown,unknown
WA,CF-D,-0.5644989920863515,-12.858616233285451,-0.5838699284600528,6,-36.99521153596389,-25.371838664648607,unknown,unknown
WA,CF-D-null,,,,1,,,unknown,unknown
WA,CF-D-pop,,,,1,,,unknown,unknown
WA,CF-D-within,,,,1,,,unknown,unknown
WA,CF-S,-0.9927615144816686,0.15912980483851058,-0.9988445806291839,6,-18.724966346573613,-48.966662070100604,unknown,unknown
WA,CF-T,,,,1,,,unknown,unknown
WI,CF-D,-1.0491232959563095,-4.907506443442543,-0.9615994197582722,6,-28.830345249446342,-54.21833536133267,unknown,unknown
WI,CF-D-null,,,,1,,,unknown,unknown
WI,CF-D-pop,,,,1,,,unknown,unknown
WI,CF-D-within,,,,1,,,unknown,unknown
WI,CF-S,-1.5747297492339514,4.664450287356942,-0.8948275876997631,6,-5.097197490588119,-69.8510994342652,unknown,unknown
WI,CF-T,,,,1,,,unknown,unknown
WV,CF-D,-1.2219705991984091,-3.2101754575583072,-0.9875530899097482,6,-30.346047073777786,-60.539575756231855,unknown,unknown
WV,CF-D-null,,,,1,,,unknown,unknown
WV,CF-D-pop,,,,1,,,unknown,unknown
WV,CF-D-within,,,,1,,,unknown,unknown
WV,CF-S,-1.0022069932960704,0.24901472144121684,-0.9870014342051537,6,-22.1124578999144,-52.464215932016614,unknown,unknown
WV,CF-T,,,,1,,,unknown,unknown
WY,CF-D,-0.8495602821413344,1.3496350975299762,-0.8323319095548902,6,-34.19648034577669,-39.0994740270696,unknown,unknown
WY,CF-D-null,,,,1,,,unknown,unknown
WY,CF-D-pop,,,,1,,,unknown,unknown
WY,CF-D-within,,,,1,,,unknown,unknown
WY,CF-S,-1.0057676699921583,-1.0579577600866514,-0.9939449305896777,6,-20.308357597973977,-49.19321840734417,unknown,unknown
WY,CF-T,,,,1,,,unknown,unknown
