unit,n,L_mean,rel_se,cv,P_hit
KY,100,0.0002089866242240717,0.7188253140707077,7.1882531407070775,0.018954487727646806
LA,100,0.00355180839642055,0.6476661331014193,6.476661331014194,0.01383751261125601
Dakotas,100,0.0007772380432148552,0.5828746898938092,5.828746898938092,0.03671370541223482
IA,100,8.985434405926573e-05,0.5182559038685502,5.182559038685503,0.040988875231522275
AL,100,0.001457675667462628,0.5110616488472569,5.110616488472569,0.01891998985294798
IN,100,9.12002010156063e-05,0.462812517307549,4.628125173075491,0.03126778720959156
MS,100,0.0009747504383203269,0.4610488530572657,4.610488530572657,0.01203524300449465
NM,100,0.0008439526609082758,0.450983682418571,4.50983682418571,0.06056483473367211
VA,100,0.00027646134933454624,0.43340110552340255,4.334011055234026,0.03814356729225101
TN,100,0.0001571969025419246,0.4312372933774075,4.312372933774076,0.03559514535700688
TX,100,7.228860827881643e-05,0.42479653610070045,4.2479653610070045,0.03507421940353727
IL,100,5.421685566142252e-05,0.42335057429034767,4.233505742903477,0.019302653033769334
WI,100,0.0001606002071612837,0.4215562292058697,4.2155622920586975,0.04583101853880449
MO,100,8.802950747800635e-05,0.38994416164908313,3.8994416164908317,0.040040122353523167
NE,100,0.00019211962190842106,0.36547199300729244,3.6547199300729245,0.07855194805194804
MT,100,0.0006428304295995528,0.3625433544000819,3.6254335440008187,0.07776380563880562
NJ,100,0.0012443392192828268,0.3601803105261771,3.601803105261771,0.032537742547168486
SC,100,0.0002580664806059486,0.35722396247990196,3.57223962479902,0.025614873866752323
FL,100,6.76811441035232e-05,0.3405119345635888,3.405119345635888,0.021924223311619095
OR,100,0.00020843344342336205,0.3387963306764344,3.387963306764344,0.06414244119263383
GA,100,3.861501432859935e-05,0.32490768591471697,3.24907685914717,0.027291127357500403
KS,100,8.161701567091966e-05,0.31488361330858566,3.1488361330858567,0.04048204700580524
OK,100,0.0001703684037806457,0.29162721631299476,2.9162721631299475,0.04834713565614954
NV,100,0.0006688635799028681,0.2905773787626127,2.9057737876261265,0.07086911244949237
NC,100,0.00043942193976941014,0.273926941028698,2.7392694102869806,0.17783823707057414
NH,100,0.004094552387324967,0.2733762621713664,2.733762621713664,0.05575727410492098
MN,100,6.600742580029256e-05,0.2703866967304777,2.7038669673047773,0.04734513032463791
NY,100,0.00011692405071535147,0.24503596149995405,2.4503596149995404,0.07170298325504497
Maryland,100,0.0004543957650061561,0.23906524481709315,2.3906524481709313,0.0180979302518494
CA,100,0.00012065823789510639,0.2348676820150359,2.3486768201503594,0.05311308896920007
CO,100,7.59228197441187e-05,0.23355333686418328,2.3355333686418325,0.06606395351649356
PA,100,7.819040805756035e-05,0.23204124660213257,2.320412466021326,0.029242467759256693
ID,100,0.0008881206085517792,0.22945671128582595,2.29456711285826,0.05968434276408803
WY,100,0.0004268139105919385,0.22522002786071074,2.2522002786071074,0.09355107830578956
OH,100,9.215765366544079e-05,0.225097474692398,2.25097474692398,0.041120480341767386
WV,100,0.0008640720015220573,0.2174899915884892,2.174899915884892,0.03286050486741878
Connecticut,100,0.003576622996659053,0.2030781554659674,2.0307815546596744,0.04604267887351205
AR,100,0.0001356972533864551,0.20297581455744804,2.0297581455744806,0.024863828383149426
MA,100,0.0009085147765608906,0.19957124066835205,1.9957124066835206,0.04939190677255874
AZ,100,0.0006275112485614124,0.19926007922908742,1.9926007922908746,0.04164382540660996
WA,100,0.00010636176176012341,0.18905680871702668,1.8905680871702668,0.05778489147502209
ME,100,0.003621866575096289,0.17455748259389858,1.7455748259389858,0.11737918552057756
MI,100,0.00017509800787346162,0.17170630412135393,1.7170630412135393,0.05214546575756885
UT,100,0.00026246777195824885,0.16953589739215927,1.6953589739215926,0.06268509106480273
VT,100,0.0035161525232799582,0.12962042014422412,1.296204201442241,0.2838744082605015
