unit,n,P_hit,P_hit_se,L_mean,dL_p50,dL_p50_se,dL_rel_se
AL,100,0.01891998985294798,0.0018235845148661695,0.001457675667462628,-0.0003777237163021649,0.00019879399475333155,0.5262947127055791
AR,100,0.024863828383149426,0.002501221086262423,0.0001356972533864551,-6.399640871373323e-05,2.0119247894023686e-05,0.31438088946554
AZ,100,0.04164382540660996,0.001935732784683255,0.0006275112485614124,-0.00033360081539260145,7.251548992083682e-05,0.21737204039953031
CA,100,0.05311308896920007,0.0016664512537111742,0.00012065823789510639,-6.854830014618554e-05,1.4477060098588694e-05,0.2111950269768183
CO,100,0.06606395351649356,0.0038338256902140586,7.59228197441187e-05,-1.9424833346033933e-05,7.213956127748673e-06,0.3713780190151069
Connecticut,100,0.04604267887351205,0.0015243792575081294,0.003576622996659053,-0.0015268433335554965,0.0006138438499442814,0.4020346007044801
Dakotas,100,0.03671370541223482,0.005988606169499871,0.0007772380432148552,-0.00031577167077882675,0.00020934021251072166,0.662948047221589
FL,100,0.021924223311619095,0.0011677685723285014,6.76811441035232e-05,-2.3218583023045173e-05,2.081964794671857e-05,0.8966803842445689
GA,100,0.027291127357500403,0.0026654300548915257,3.861501432859935e-05,-2.0085542337428637e-05,5.560865025903445e-06,0.2768590925992069
IA,100,0.040988875231522275,0.006645967335025467,8.985434405926573e-05,-5.119352705075353e-05,3.15080402348973e-05,0.6154692214048871
ID,100,0.05968434276408803,0.005303630669215014,0.0008881206085517792,-6.325142813196639e-06,0.0003144224180101679,49.70993182227663
IL,100,0.019302653033769334,0.00268864591899185,5.421685566142252e-05,-2.9040887768053887e-05,1.926554930000929e-05,0.6633939517924156
IN,100,0.03126778720959156,0.0033394734677755665,9.12002010156063e-05,-3.6293214628166605e-05,2.5468745580570618e-05,0.7017495099705143
KS,100,0.04048204700580524,0.004977653052669397,8.161701567091966e-05,-3.989308665351327e-05,2.299300581641564e-05,0.5763656749882178
KY,100,0.018954487727646806,0.0027867450631034922,0.0002089866242240717,-0.00010479253902097752,7.864183338711848e-05,0.7504526001739098
LA,100,0.01383751261125601,0.001331111341091055,0.00355180839642055,-0.0011068958026847133,0.0013387053142214504,1.2094230649122495
MA,100,0.04939190677255874,0.001978809350683709,0.0009085147765608906,-0.00047938589828313075,0.00010656842441165628,0.22230195922182874
ME,100,0.11737918552057756,0.0038742977990527993,0.003621866575096289,-0.001313200354959742,0.0005821040421854333,0.4432713104187963
MI,100,0.05214546575756885,0.003185801276498688,0.00017509800787346162,-8.995083880871485e-05,2.2479519370465542e-05,0.24990894657769022
MN,100,0.04734513032463791,0.004535342971347535,6.600742580029256e-05,-4.512171604348067e-05,1.584297860754039e-05,0.35111649105440956
MO,100,0.040040122353523167,0.0043876505082520645,8.802950747800635e-05,-6.755825094837056e-05,3.145370066570664e-05,0.4655789666571478
MS,100,0.01203524300449465,0.0019379283904642918,0.0009747504383203269,-0.0004017398063211454,0.00023390861461474837,0.5822390784640469
MT,100,0.07776380563880562,0.009466090775805094,0.0006428304295995528,-0.0001955452739571885,7.407203857572331e-05,0.3787973857754302
Maryland,100,0.0180979302518494,0.0006060705406909222,0.0004543957650061561,-0.00017818236056607015,7.860924524353779e-05,0.4411729926228552
NC,100,0.17783823707057414,0.005568388101413203,0.00043942193976941014,-0.00019195937083283548,5.120701823663425e-05,0.2667596690615693
NE,100,0.07855194805194804,0.011086630711092112,0.00019211962190842106,-0.00010051415127995949,4.987396637602052e-05,0.4961885042147731
NH,100,0.05575727410492098,0.0027165127516149278,0.004094552387324967,-0.0026227304504822203,0.0008034119548272805,0.30632654403336174
NJ,100,0.032537742547168486,0.0012647943701599217,0.0012443392192828268,-0.0007492683846990394,0.0003777081129498582,0.5041025627974056
NM,100,0.06056483473367211,0.004567089722081588,0.0008439526609082758,-0.00019628457377953858,9.633119766262365e-05,0.49077314537626476
NV,100,0.07086911244949237,0.003662811694250365,0.0006688635799028681,-0.0003349212613549079,0.00013636635171117458,0.40715943550287326
NY,100,0.07170298325504497,0.002678514719807177,0.00011692405071535147,-6.581408242445595e-05,1.7975910428767308e-05,0.2731316728361408
OH,100,0.041120480341767386,0.002667984430936553,9.215765366544079e-05,-4.090189927210118e-05,1.4642581511149216e-05,0.35799270380426534
OK,100,0.04834713565614954,0.003916461355616241,0.0001703684037806457,-9.968919805388122e-05,3.4652959179572756e-05,0.3476099703484735
OR,100,0.06414244119263383,0.003682579489735579,0.00020843344342336205,-0.00012293268349827121,5.092733651401121e-05,0.41427011161541427
PA,100,0.029242467759256693,0.001467075082761115,7.819040805756035e-05,-4.0999435364076263e-05,1.1566836637537079e-05,0.28212185204072227
SC,100,0.025614873866752323,0.0022278138758127235,0.0002580664806059486,-0.00012104222904967339,5.67606656250429e-05,0.4689327524012254
TN,100,0.03559514535700688,0.0026166349213174395,0.0001571969025419246,-0.00011301443340363865,6.637279484827739e-05,0.5872948511914623
TX,100,0.03507421940353727,0.0025786545579624177,7.228860827881643e-05,-3.035881584309823e-05,1.636037831611597e-05,0.5389004103674662
UT,100,0.06268509106480273,0.004254713178954847,0.00026246777195824885,-2.548241271473426e-05,3.552877237686231e-05,1.3942467997278418
VA,100,0.03814356729225101,0.003374605884638794,0.00027646134933454624,-0.00016906378597555748,8.073468158677604e-05,0.47753977069014836
VT,100,0.2838744082605015,0.006836725353833233,0.0035161525232799582,-0.002055780893105964,0.00032941203476931824,0.16023693763960814
WA,100,0.05778489147502209,0.003248955249606969,0.00010636176176012341,-2.698593459468449e-05,2.146582166875298e-05,0.7954448119421876
WI,100,0.04583101853880449,0.004568196496441571,0.0001606002071612837,-8.707475890974277e-05,3.6361161829441584e-05,0.4175855584869514
WV,100,0.03286050486741878,0.0025826644457485333,0.0008640720015220573,-0.0005231055239498672,0.00011423190548448211,0.21837258498426743
WY,100,0.09355107830578956,0.008775005688443731,0.0004268139105919385,-0.0001668819941158346,6.1017876689280445e-05,0.365634872788776
